filename,true_label,predicted_label,confidence
0_1516acc3-92fe-4fde-a817-723b84384411.png,0,0,0.7850143313407898
0_21fbbfa0-734d-4a09-b350-8afad94b4625.jpg,0,3,0.2034565508365631
0_2830febb-775a-4eb2-b840-270f17884ba4.jpg,0,8,0.45797669887542725
0_307da263-ca4f-4bbc-a995-12cf9694bc7d.jpg,0,0,0.15451501309871674
0_379ae3bc-35dc-4e12-9f5a-98af9bec8446.jpg,0,0,0.4902973473072052
0_4df03656-eb90-4b99-bbbb-30a019729b16.jpg,0,0,0.6635586619377136
0_598684e6-0efc-43f2-bc76-408cf2a00a55.jpg,0,3,0.20977875590324402
0_5b36a261-b499-4a3c-ac6f-2cd6ed25e3c6.jpg,0,0,0.17867398262023926
0_6eca7896-8e8a-41ae-856f-5ca8e912ada9.jpg,0,3,0.2578792870044708
0_7f870041-bccf-4c62-a781-13476e7d8326.jpg,0,0,0.7338250279426575
0_8d300c5a-9138-44a0-9ea1-9fe6f1b10289.jpg,0,0,0.7696309685707092
0_9db1fab0-b41e-42b2-8387-61bcaf6c9fb1.jpg,0,0,0.8590748906135559
0_a1a5cb42-2b9d-4e13-8878-8ca3dab4b356.jpg,0,0,0.8510726094245911
0_aa79db72-6ffa-412c-9553-7eea75f7ea09.jpg,0,0,0.894217312335968
0_af5da341-0cd9-48db-bfd0-dd2255e09a8e.jpg,0,1,0.1467553973197937
0_b36b2d94-7769-409d-985b-fea2f5b1e8e1.jpg,0,3,0.19376319646835327
0_cd7a59f2-174b-4e20-b0a7-8e774695358c.jpg,0,0,0.6242808699607849
0_e0b10676-9eba-401f-adab-f8cc6bf27317.jpg,0,0,0.6206806302070618
0_ed5e1bf1-60c9-422d-a294-09a099816dbc.jpg,0,3,0.23001496493816376
0_fbdffdba-91e7-49f4-9395-8ee91c9ae0cb.jpg,0,2,0.14846183359622955
1_144c165a-6c9f-42cf-b4a2-b5f0133015d2.jpg,1,1,0.8489503264427185
1_1566bd44-6b9e-4951-a90a-b00d18ea4171.jpg,1,3,0.23001496493816376
1_19fd3fd0-1c15-4709-b9c2-14ff94cc148c.jpg,1,1,0.7072947025299072
1_23fd75c6-ee5b-40fb-82b7-bb595439cecc.jpg,1,3,0.19376319646835327
1_29bde8ef-0b0b-404d-808d-bf62caa446f5.jpg,1,1,0.7432621717453003
1_40eb5aed-fb24-49e9-826d-2a90b922c5e3.jpg,1,1,0.4146672785282135
1_5d58c524-2303-49b0-bd29-05b954f07929.jpg,1,1,0.8455699682235718
1_7db73fbf-6b72-4f47-993e-221c3a69a8f5.jpg,1,3,0.2034565508365631
1_8412a843-6a9c-4761-a736-44d3e489fde6.jpg,1,1,0.1467553973197937
1_8a570bdb-9f06-4dd6-8ade-aee5f66defa1.jpg,1,7,0.9002723097801208
1_8bce3a4a-ce60-4b35-91c6-5c93aaf52446.jpg,1,0,0.15451501309871674
1_9195779b-7405-4fe6-9c9f-725bbb500d4e.jpg,1,1,0.6779334545135498
1_9654625d-245e-4bf3-b4fb-ae029fef3672.jpg,1,1,0.8238843679428101
1_a2497974-d902-42a9-8fef-d41cc626c54a.jpg,1,1,0.890867292881012
1_acff0c5d-bba3-4f70-9cc6-1a52487d1dcb.jpg,1,3,0.20977875590324402
1_b2601556-73cd-4076-bb5e-4e5f840ee569.jpg,1,3,0.2578792870044708
1_b75dbf50-2ac1-48a7-9d0e-f3a78b62ca34.jpg,1,0,0.6242808699607849
1_d7be84eb-0099-431e-b984-d983705404f4.jpg,1,0,0.17867398262023926
1_e8360247-5237-47ae-8824-9a8edefdf5b8.jpg,1,2,0.14846183359622955
1_fe151bf4-bac2-4995-a98d-79f8298a2a50.jpg,1,4,0.49442049860954285
2_0344a724-3dae-405e-9315-0f79e4c9577d.jpg,2,7,0.5631773471832275
2_0767bb06-5613-41de-a845-4a0c64681b98.jpg,2,2,0.8040893077850342
2_0820ab61-04f0-4dcf-8c98-7eed096d4371.jpg,2,7,0.7668185830116272
2_082bb56e-f0b1-4ec9-940c-a8b07cc6fc8f.jpg,2,2,0.7614160776138306
2_0c7b7837-dc58-4b03-bb46-7283cdb0fc96.jpg,2,7,0.919258177280426
2_0fb686ae-60e5-4237-9eba-c5474dddc54e.jpg,2,2,0.4753003418445587
2_0fce96d7-dd40-4fd2-a47b-ff4ae97da9d6.jpg,2,2,0.6657222509384155
2_1009c059-4ce7-4893-bd54-5d118f76b04c.jpg,2,7,0.5319863557815552
2_166e94d3-c2d0-4151-9eaa-35c0830cf9bb.jpg,2,3,0.23001496493816376
2_18ff2956-42b6-4108-b05a-a49024c8a51d.jpg,2,2,0.5391833186149597
2_1946edb6-65f0-43d3-8218-aba2942d45a1.jpg,2,7,0.5586134791374207
2_1b205b19-dd39-461c-9053-474b9e19e462.jpg,2,2,0.7529539465904236
2_1b272bf0-9b2b-4216-a90c-851bb0c2df2d.jpg,2,7,0.6062721014022827
2_1d6d1e99-885c-4d14-8a2e-5c55c3ea1b29.jpg,2,2,0.5498809814453125
2_1deef750-6386-41cf-8718-f2354afea584.jpg,2,2,0.727522611618042
2_1f890ca0-722d-4bde-8ba0-f1337337ec99.jpg,2,0,0.15451501309871674
2_1fa1b102-dffb-407e-af85-0c5ef566c803.jpg,2,2,0.7823691964149475
2_20a147eb-6add-448b-bbfb-fbed24b9830b.jpg,2,0,0.9781171083450317
2_20b16f75-2105-43f6-be41-59b28667faea.jpg,2,2,0.8693742752075195
2_22809af0-bf9a-4ea3-9f52-0d4703c9e313.jpg,2,2,0.797321617603302
2_247f2923-477c-435d-9840-fb955fe2612c.png,2,2,0.6429787278175354
2_274b285d-1a03-4497-b5d9-ae45c9b99d28.jpg,2,2,0.5553768277168274
2_27b50ae3-c367-40d6-ad12-8e36eb7fee2d.jpg,2,2,0.8161530494689941
2_2b045ff4-db38-4cdb-b54c-371d5cec9c86.jpg,2,2,0.6656094789505005
2_2b347d36-0024-46ca-b792-a197412a8cd4.jpg,2,7,0.6237633228302002
2_2d579d73-0436-48d0-a3da-2aaec6b44546.jpg,2,0,0.9295656681060791
2_2e69007b-219e-4794-9da1-4a72dd907eca.jpg,2,2,0.590166449546814
2_3085536c-f497-4f0f-9833-77236446a25b.jpg,2,2,0.8263674378395081
2_30a775d0-ddc5-4df5-985f-76ab396fdc88.jpg,2,3,0.20977875590324402
2_30d5ce1b-5ad2-42cf-83dc-09ca58a544db.jpg,2,2,0.5689128041267395
2_317a5ed6-3491-4d6a-a28d-a4140744abbf.jpg,2,2,0.7612085342407227
2_331229a6-e2a3-49bd-afc1-d471affc8220.jpg,2,2,0.5967559814453125
2_337e09dd-270d-4bab-9b7e-60d855c18545.jpg,2,2,0.8935018181800842
2_33a3d8b3-8a0d-4b94-8994-ba60ec0c65de.jpg,2,2,0.8773922920227051
2_35c17fb1-a005-48c4-b177-44f4f46f4fec.png,2,7,0.6812214255332947
2_384ee042-b8d7-44fb-84d3-5e1e77db559f.jpg,2,7,0.7904120087623596
2_3a190eaa-6a1b-483b-afd2-8ff2fe9db7f4.png,2,2,0.6540737152099609
2_3bd542c8-29eb-4cba-9c66-84de0f42e9bf.jpg,2,1,0.8257898092269897
2_3d7f7228-ecc5-4bc7-9e1c-561bf2d60484.jpg,2,7,0.8347015380859375
2_3e82e547-81e0-4179-b869-925cd1b83591.jpg,2,2,0.5847859978675842
2_400bfebe-f7c7-4d6f-821d-36fe826c33de.png,2,2,0.8967140913009644
2_40d262c1-df5c-4875-928b-dd73a2f36b12.jpg,2,2,0.6420190334320068
2_40fa8b21-d737-4acd-9079-db9a4469f7c8.jpg,2,2,0.6786078810691833
2_46a17a82-240f-4e1c-bc82-219600d128fc.jpg,2,1,0.695427417755127
2_47d0ae43-cf6b-4d82-ab0f-d80c2403714a.JPG,2,2,0.8963460922241211
2_4dc18c3c-80b4-46d3-99ed-9a6ab310a39c.png,2,2,0.7939469218254089
2_4e8e10f8-fb37-415f-bc62-eb2a30bc1f73.jpg,2,2,0.7926557660102844
2_4f4e2d63-7e33-4e31-ab03-560ed3f0011d.jpg,2,2,0.8713619709014893
2_54712c9b-765c-4c1c-b70d-073b812e2dc7.jpg,2,2,0.8770602941513062
2_54957db8-e096-47c7-86aa-b7067447f16d.jpg,2,2,0.6583583354949951
2_55254434-9865-4157-af5b-1b85f28d8b87.jpg,2,2,0.7863758206367493
2_554172e7-b371-40d8-a6a6-3b15b65240e2.jpg,2,2,0.6877977252006531
2_566b5005-a027-4806-9341-f057e555aa03.jpg,2,2,0.5981477499008179
2_5744e9e7-dc8d-4e06-96fe-993a0eff5387.jpg,2,2,0.564809262752533
2_5a5e33c3-8288-4a1a-838b-03cd3a140143.JPG,2,2,0.7364236116409302
2_5f4d71c0-0a0b-46d8-a651-3824251c2af7.PNG,2,2,0.7473217248916626
2_61793e17-bc35-4e17-9bae-e0a71ced81b8.jpg,2,1,0.8947317004203796
2_62229aa0-4c58-4f2a-be6b-6f2ecb8dd509.jpg,2,2,0.48610803484916687
2_622f7ff3-9928-4d2a-b9fa-49393b76395a.JPG,2,2,0.8785291910171509
2_623354b9-7943-43dd-b3a7-9813fad66af1.png,2,2,0.8245360255241394
2_6917cc9c-ed80-4b96-86c7-811c0a2ba220.jpg,2,7,0.3503230810165405
2_6d7c21ba-8105-417b-af7c-7a1728667c83.jpg,2,1,0.5712327361106873
2_6de4c490-f874-4ee2-bb37-5b3d9a8b2e51.jpg,2,2,0.7902079224586487
2_6ed08288-1374-4bd3-9640-928e8a5c83b1.jpg,2,2,0.25179845094680786
2_71f475ee-8f24-4d20-bb0b-e36af2197065.jpg,2,2,0.6434235572814941
2_748900d9-1cc4-4dbe-a26d-5579fd7b440c.jpg,2,1,0.1467553973197937
2_7b716a3f-9c27-4c34-bcf6-0c6969f64570.jpg,2,2,0.8502628207206726
2_7dfff112-0051-46a0-86b4-87cad625e03a.jpg,2,2,0.7841036915779114
2_80f8b86e-7efd-4a6c-a560-51545fb5be51.jpg,2,2,0.7231718301773071
2_8193a445-d218-49cc-a84c-551c50e2b099.jpg,2,2,0.6566944122314453
2_83e59963-9dd7-45f1-b733-3384d80879ac.jpg,2,2,0.5847859978675842
2_84ddc95e-e398-4fb9-a148-882b8acdc0d3.jpg,2,7,0.6376992464065552
2_892efa27-cbe8-4fe2-9bda-ba61780eeaac.jpg,2,2,0.6149055361747742
2_893a8a76-7f2d-4ccb-9502-bd2eeceab288.jpg,2,7,0.5452387928962708
2_8aae1057-695c-4dbd-976f-faf1e47b4005.jpg,2,2,0.48300251364707947
2_8b474391-85e8-44da-9ce0-56039b44da02.jpg,2,2,0.7604560852050781
2_8bf8fb50-f247-4666-9895-c57333701f76.jpg,2,2,0.14846183359622955
2_8d0d7985-418f-4949-9fc4-9336c8817f32.jpg,2,2,0.6936608552932739
2_8d239080-10c4-4215-9ebf-d5598beae3b2.JPG,2,2,0.8996590375900269
2_8e888d50-534f-4cf5-a8ee-cf3958408db1.jpg,2,3,0.2578792870044708
2_902f3ab9-0f70-4909-b44b-ea3afc30646d.jpg,2,2,0.6868808269500732
2_93629d6e-382c-4437-95da-f66689c29fb0.jpg,2,2,0.7829906344413757
2_94cd1208-4923-44a5-b440-b23b573ed239.png,2,2,0.8033657073974609
2_9564fb17-296a-4edd-b62d-612ad108ef49.png,2,2,0.567525327205658
2_957f7097-6940-4fe6-a431-5269830a1f6c.jpg,2,2,0.8996457457542419
2_969a8471-4256-41f1-aa67-cb9430b008bd.jpg,2,2,0.8511747717857361
2_974b50ad-c262-4f5c-89c0-f60c7ea9ddb1.jpg,2,2,0.5847859978675842
2_98da0825-3b9e-463a-8931-c33cbe32f86f.jpg,2,2,0.5672155618667603
2_9c5313ed-6ffc-42f6-ac54-838019a0cc95.jpg,2,2,0.403256893157959
2_9d140fe9-efe3-44c5-a60d-504f4bc77165.jpg,2,7,0.8407655358314514
2_9dcfcb29-79c4-4c6d-9bee-073c1a985967.jpg,2,3,0.2034565508365631
2_a1719848-af7b-4235-9a1e-7f00c95f63ae.jpg,2,2,0.8485895395278931
2_a3cab5a1-cb72-4ea0-bb3f-32094aab32fb.jpg,2,2,0.5847859978675842
2_a56428a4-9261-47d1-a57c-eb7facd2e0a7.png,2,2,0.7263152599334717
2_a6afe2a0-bb21-4af1-b4e5-a1a0070b819d.jpg,2,2,0.6633912920951843
2_a884fb25-bdfc-4141-8a35-ada4785885e7.jpg,2,7,0.5435309410095215
2_aa6b3942-dfb7-4a2b-aa0d-6b41dae9b5ff.jpg,2,7,0.6529750823974609
2_aacf215f-ba01-4e7f-a76c-a79665894fe5.jpg,2,7,0.9386081695556641
2_acfe8ac8-8cb5-446e-a737-0628c2443c6c.jpg,2,2,0.6971774697303772
2_ae60cd6c-cd9d-4752-bdcc-205b9f7b3ef3.jpg,2,2,0.5847859978675842
2_b23e1a56-b7b0-4147-8bb8-d94e00373282.jpg,2,2,0.8850228190422058
2_b2e06dda-693f-4a04-9ffb-165330738dfb.jpg,2,2,0.8154134154319763
2_b30e7158-aac1-488c-9bad-1a346bfd3fbe.jpg,2,0,0.17867398262023926
2_b4875448-8e27-49ab-bcd0-c0e55624de80.jpg,2,2,0.8605986833572388
2_b52b48a8-5e80-456d-845e-5d7d213511ae.jpg,2,2,0.8879953622817993
2_b8bc7aff-e4eb-4afc-bee0-68bc8bd3589a.jpg,2,7,0.9349569082260132
2_b8ca8a01-777b-4ce3-a4f6-86b1fd2f729b.jpg,2,2,0.708367109298706
2_ba69c7de-f314-423c-97b5-d6ddb774b932.jpg,2,2,0.6922549605369568
2_c25975a8-38e7-48d5-9b87-9fb2973c1e51.png,2,7,0.49784308671951294
2_c294d681-0784-43f5-9986-2bac155b6888.PNG,2,7,0.773341178894043
2_c6d594f7-992e-4472-91ec-84b189236cd9.jpg,2,2,0.8438606858253479
2_c8a37b10-5f79-4fce-9178-bd14ce9b5b21.jpg,2,0,0.6514357328414917
2_ca6fc613-0833-4482-beb5-b8dcd50e5824.png,2,2,0.6496914625167847
2_cb1aa537-e2fb-448c-89fa-36e7b1405dd2.jpg,2,2,0.8506811261177063
2_cc373638-bd6e-45a1-9916-82c5a09fbdd4.jpg,2,2,0.8181546330451965
2_cd4b688c-3663-4f72-800c-945dbfef9cff.jpg,2,2,0.8363707661628723
2_d7695459-eb6a-42f2-ba09-ab46a86abc29.jpg,2,2,0.8524868488311768
2_d8a10a82-301e-44be-bc6a-ade67e79b115.jpg,2,2,0.734163224697113
2_d985a016-4c9b-48ef-9b94-21fad0e8a3ff.jpg,2,7,0.4474544823169708
2_d987f86c-3082-4ac4-bc2c-9c25fa72e523.jpg,2,2,0.8735508918762207
2_db81c078-34a0-4199-834a-86c1a191bf9b.png,2,2,0.7786799073219299
2_dc7bb192-1432-4e2c-8061-7820c17200f5.png,2,2,0.8374784588813782
2_e231c3df-6ad1-4f16-b74b-e738e4618468.jpg,2,2,0.6046689748764038
2_e4019a61-3d87-4a33-bc41-faa8ec356ee9.jpg,2,2,0.719243049621582
2_e4afe6b1-3d48-4275-b2ce-22eb9f2f554b.jpg,2,7,0.9347280859947205
2_e586bd32-1528-4b4f-9bc8-38759409007c.jpg,2,7,0.5064654350280762
2_e5f5566c-0b5b-46b5-aa44-a5eb00d9ef31.jpg,2,7,0.552926778793335
2_e75c9d5b-e080-4363-a2e6-0ef7fd443f41.png,2,7,0.8685959577560425
2_eb85594b-b783-42a6-ae90-85b3f943fe31.jpg,2,2,0.6993419528007507
2_ed408e1a-cbf5-4974-b37d-8639b290f1a2.jpg,2,0,0.6242808699607849
2_ed8e22e0-7855-419a-92b3-1f447cf16aaf.png,2,2,0.8560398817062378
2_eeba30e9-0732-4a9e-8fd7-6c201bc98d82.jpg,2,0,0.6561475396156311
2_f28ee2a9-f98b-436f-a0c7-77493b61ee6b.jpg,2,2,0.3420286774635315
2_f532cfe1-7a9f-4bcc-a1f3-7a553d157e88.jpg,2,2,0.5106495022773743
2_f53d1139-938a-43c1-92a0-64e0f1802162.jpg,2,2,0.4134860932826996
2_f5605f0f-69c8-4935-88a7-133e356ff3d2.jpg,2,2,0.8040717244148254
2_f7fe59a8-faab-4dde-95a7-3777895b1060.jpg,2,3,0.5750125050544739
2_fa4c1819-a8fa-4963-b1e1-2e6e7930eecc.jpg,2,2,0.8363651037216187
2_fa7b1ea0-d99e-4f2f-9d3b-2640078544c2.jpg,2,3,0.19376319646835327
2_fb4df823-a3fd-479d-b98c-4c2604a706cd.jpg,2,2,0.8033270835876465
2_fd21c883-a4ab-4cb0-a4fd-9b68de9778f7.jpg,2,2,0.7813096046447754
2_fe1deb37-9e83-4133-b0f2-76e4bdfb1406.jpg,2,2,0.8498705625534058
2_ffaeb8a2-d547-43cc-b774-646c81b9b3ef.jpg,2,2,0.5714452266693115
3_071f3b15-3c1b-4513-90e7-30b98e5aaf1a.jpg,3,7,0.9540408253669739
3_09f30810-1a37-4eb1-b984-74cf0444e986.jpg,3,3,0.4651236832141876
3_1335bc58-dfa4-47a6-9336-f0acacfa7b6b.jpg,3,7,0.7839901447296143
3_17837c3b-11e5-4561-adbe-9426129f10e1.jpg,3,3,0.2034565508365631
3_1dfe553c-2f47-4238-b9b8-272a7b81a6c2.jpg,3,7,0.43558040261268616
3_21ea89cb-f458-44d9-96f2-102766cb5cce.jpg,3,7,0.5185992121696472
3_22490267-06df-461b-904c-48a606e5c6e8.jpg,3,3,0.8865668773651123
3_278988a4-3e3a-4424-accf-475e7bfb1041.jpg,3,8,0.15580184757709503
3_3066dc12-0b2e-46f5-abca-78018492f935.png,3,7,0.7530691027641296
3_3dd9d740-59d3-4a1a-b706-013e2177ae22.jpg,3,3,0.838115394115448
3_3fb4df8d-454b-47f6-8055-34c0a1eb5e78.jpg,3,3,0.735547661781311
3_46121695-aa5d-42fb-af3f-ad024c27e9b7.jpg,3,3,0.36871352791786194
3_47d0eabf-de3f-44c2-8dd8-5dbd649b94f7.jpg,3,3,0.20977875590324402
3_48152b37-71ca-4336-a6b6-fe8761c4269a.jpg,3,3,0.6369225382804871
3_4a645c9d-0121-4c3d-a3c4-978ece7f5dd9.jpg,3,3,0.7922413349151611
3_4a9608f9-27c0-47f8-8289-2b69e783af77.jpg,3,3,0.7731270790100098
3_68faf85f-d39d-4064-8024-99c2f3afe372.png,3,3,0.36747556924819946
3_6a65706e-c0ab-4128-9c6b-9c959959f975.jpg,3,3,0.8380690217018127
3_6c62089c-7497-48aa-a5ed-ad0ef44971e9.jpg,3,3,0.8197781443595886
3_6eab5867-b58e-4355-b297-39aa2899287b.jpg,3,1,0.6626634001731873
3_7586cd9a-4737-4330-b8fe-8f6dfc7b05de.jpg,3,3,0.8016780018806458
3_765a5eaa-7e03-480f-b028-3419bc439ea1.jpg,3,3,0.6548799276351929
3_795ad39e-907b-4ada-9057-339d12df01a7.jpg,3,0,0.6242808699607849
3_842bd5d3-f29d-4689-8900-dd2f8e81697f.jpg,3,3,0.5678553581237793
3_86841b41-0d53-4b28-8330-a6a571af9380.jpg,3,3,0.8628374338150024
3_8880c927-f3cc-43f4-bfd9-7563362a1321.jpg,3,1,0.6058291792869568
3_8ca4ab41-bad1-418c-95c4-ad1282d387d6.jpg,3,3,0.19376319646835327
3_8f3d3a81-209e-478f-9ac5-db238e8e17bd.jpg,3,3,0.730083167552948
3_906ddf5a-7743-417c-a167-a624ecc665bb.jpg,3,3,0.2578792870044708
3_922787a3-339b-4b3b-94e0-b8ab626460a4.png,3,3,0.899878978729248
3_9285a4e1-8af8-4971-9f7f-129e97b102b4.jpg,3,3,0.6033201217651367
3_976810f2-0394-4a63-bf7c-09d338c113c9.jpg,3,3,0.6779102683067322
3_aae53761-d9d1-4525-b9f9-1f1721b23cd5.jpg,3,3,0.8412336111068726
3_af275b10-7beb-4a9b-964b-268bb1e9402e.jpg,3,3,0.8463608026504517
3_b254a185-4441-4aec-911c-0fce60617af0.jpg,3,7,0.9258947968482971
3_b70276e8-2277-4bae-a110-e982cd49d4ee.jpg,3,3,0.8508355617523193
3_bd271a17-3575-4586-a9b8-6d17202c71f5.jpg,3,3,0.8443237543106079
3_be533144-444d-4ab5-90ad-2bf80221a4b9.JPG,3,3,0.48404553532600403
3_c5bcdfcd-6549-40e4-bb8e-41c78bb508aa.jpg,3,1,0.18811702728271484
3_c614cf4c-e87e-459e-9fca-27bd6c4a7ce8.jpg,3,0,0.17867398262023926
3_c8105655-d442-4c27-9100-8974c8de7bab.jpg,3,0,0.15451501309871674
3_c88abe34-c3e3-4eca-a86d-a350d7a27a21.jpg,3,1,0.1467553973197937
3_cb0e61df-c3f5-49f3-a1b4-183f20499efb.jpg,3,7,0.5396234393119812
3_d160567d-a99e-40eb-9391-c1498bffc1ff.jpg,3,3,0.7804037928581238
3_d26da5c9-b31c-4634-9c62-5420a417b077.png,3,3,0.8148605227470398
3_d691521a-e0a8-4a90-9be2-51543722664c.png,3,3,0.8943982124328613
3_dd81120b-3d40-4ea0-85bb-344f91b5e84a.jpg,3,3,0.5110015273094177
3_e8cc5c3e-63ad-44c1-afcc-b95d58e0c9ab.jpg,3,3,0.6213862895965576
3_e939d14c-a229-42b8-96e7-9e01515e3012.jpg,3,2,0.14846183359622955
3_ee8af29b-04fc-4b77-982c-fb6361a772f5.jpg,3,3,0.7294106483459473
3_f492012a-8b35-4979-86ce-a3ea77455218.jpg,3,1,0.2486950159072876
3_f5f758ad-f76b-4b5b-96d8-7d1ba9d03302.JPG,3,3,0.40726786851882935
3_f6b08d0e-e803-4028-9474-c24c15e1a76c.jpg,3,3,0.23001496493816376
3_fb0b9ad9-e375-4c40-b611-f31e2a3f1956.jpg,3,3,0.683765709400177
3_fb53d2f8-e48b-4079-b35f-a24df40bb4de.jpg,3,3,0.7804968357086182
4_004d2d85-bcfe-48c6-ae75-f536a6e79bd1.jpg,4,7,0.49419841170310974
4_0152ea85-080e-4f9a-a162-f20e32abb29e.jpg,4,0,0.6242808699607849
4_047a0196-06b5-4b84-8512-f544e084d8d1.jpg,4,4,0.8250136971473694
4_05f44748-d51b-4aa1-bbaf-f39facdfc6bb.jpg,4,1,0.6102166771888733
4_0652256d-db2b-4c13-9ab1-66ec01d96a08.jpg,4,4,0.6805188059806824
4_072275c2-1479-4c45-a999-b7979a13727a.jpg,4,4,0.8943222165107727
4_15ff2d58-6c43-455b-8725-e3a23e27225a.jpg,4,1,0.1467553973197937
4_264e0c4b-fb86-41c7-ad82-b6a20811f8e4.png,4,9,0.6497001051902771
4_271c9a08-aaca-4067-b58e-d13e332535ba.jpg,4,1,0.927908182144165
4_300b5db5-c0e7-4d15-bb6e-b31e7cadfd56.jpg,4,4,0.8782883882522583
4_379b7da2-54bf-48e9-86a0-025208c6b304.jpg,4,4,0.8357428312301636
4_40777a5a-a76c-48ca-8b96-a3f035b33bbf.png,4,4,0.8007022738456726
4_41faee59-41d2-40ff-a8b1-1ee4b45da451.jpg,4,1,0.5073090195655823
4_423a3429-2124-4815-9390-a95ca32de0ae.JPG,4,4,0.8920813202857971
4_44887f10-178f-440a-8aff-f5f65915f61e.jpg,4,4,0.8622032999992371
4_4b60a7e3-82bb-466e-9e7a-a37099514077.png,4,4,0.8812445998191833
4_542aa023-983f-4238-85f0-985f5d4cde7a.jpg,4,4,0.7575362324714661
4_55af5dce-ffee-4488-a12e-185b34f8021b.jpg,4,1,0.9446410536766052
4_5e7f25fc-7a42-4cad-af6c-cfd8350de777.jpg,4,4,0.612334132194519
4_6e8f9020-4b4c-4d04-9f47-eb4814113dbd.jpg,4,0,0.15451501309871674
4_6f52b274-e6c6-4610-82a4-9040e320c4f6.png,4,4,0.7102216482162476
4_7665d409-979b-4592-9887-c981cd45f79d.png,4,4,0.8854069709777832
4_78e62048-d813-4e92-a6e2-09654309857f.jpg,4,7,0.916516900062561
4_861881ca-55ef-40c4-9cd9-8b25f5629fd3.jpg,4,3,0.2578792870044708
4_8cc2d69f-e8d9-49ef-a342-6dc561de749e.jpg,4,1,0.59941166639328
4_8eded953-3cec-481a-887d-5cb1ce2fb019.png,4,4,0.8883727192878723
4_a04bfdcc-4852-42f4-8b3d-a3607345fad9.jpg,4,1,0.9811004400253296
4_a1d3408c-23fc-4973-9b14-44af4f11fc91.jpg,4,3,0.23001496493816376
4_a397d121-51c9-4fcd-aecf-f1367e19334e.jpg,4,4,0.6928511261940002
4_a77077ad-55c5-4aea-8c91-8074084ec2f6.png,4,7,0.5152828693389893
4_ab2ec20f-6057-45f2-88e9-e0243a9c4031.JPG,4,4,0.7526891231536865
4_b206dbd5-6449-48ca-9a5d-f96d3ea4c87e.jpg,4,4,0.7797510027885437
4_b48f224a-1c05-470c-938c-61ccbcbeab61.png,4,4,0.8430982232093811
4_b8d5cf3d-3d1b-431a-92c0-50941df562c7.jpg,4,3,0.19376319646835327
4_c6c498b4-c30d-45d4-bf18-c171e8426b20.jpg,4,3,0.20977875590324402
4_e0cee269-1a70-473b-8998-1b8308d064f1.jpg,4,0,0.17867398262023926
4_e129add5-f96b-47e8-a839-2e6327efdebc.jpg,4,4,0.8632431030273438
4_e343f357-59b4-4090-827b-76c31b087608.jpg,4,4,0.6232702732086182
4_f04c16d2-d926-4f95-8fdf-8cba95dc1ac8.jpg,4,2,0.14846183359622955
4_f5b98b2a-79d0-4c4f-b79c-217d54d9b933.jpg,4,4,0.611380398273468
4_f5bb77d6-b6c4-4efd-b8b6-2fc81816dfb5.jpg,4,3,0.2034565508365631
4_fbb8bcb7-822b-4521-a74f-ec7266804c07.jpg,4,4,0.5732030868530273
5_068bb3b4-8b91-44c0-a614-15e6d36d5b0c.jpg,5,8,0.11975126713514328
5_080597b8-0315-4ae9-a4a4-4c665039cd78.jpg,5,7,0.9347962141036987
5_0a4b016a-9333-499b-a08b-908fa224b127.jpg,5,5,0.6591300964355469
5_0db04707-fdb3-4712-b5a4-22e760b08ff1.jpg,5,8,0.2167990505695343
5_17ed416f-5aea-49d5-b10e-841bce480056.JPG,5,5,0.7531639337539673
5_188c9586-528c-4b49-8d74-26980c4d318a.JPG,5,5,0.841628909111023
5_1aac7fb4-5b00-446a-9e55-f545e19f5fea.jpg,5,9,0.2602464258670807
5_1fd0b2fc-546f-42fa-aaa4-10822319eb11.jpg,5,5,0.8444459438323975
5_20489071-d170-488f-a910-38cd6dc8b318.jpeg,5,5,0.6476914882659912
5_27ff5d8f-acdb-4f48-a1cb-54c348e98ab9.jpg,5,5,0.7123998403549194
5_3fb2246a-9799-4bcd-b123-93d6e6ae4113.jpg,5,5,0.3435642719268799
5_40b13ace-4f92-42d6-8b03-fc0c853a8c24.jpg,5,6,0.21994777023792267
5_571de19c-f99e-484d-99b1-b0c07c06f3ab.JPG,5,9,0.6617205142974854
5_638b48e4-8d06-43ba-874b-f5927d8b4975.JPG,5,9,0.4955666959285736
5_7025d405-7a53-4e6d-a777-e207b793e47f.jpg,5,6,0.18613691627979279
5_75b372e4-c024-484d-96ed-181bfa305f17.jpg,5,3,0.32846054434776306
5_7bf1d037-c319-49ea-9869-b504e2196670.jpg,5,0,0.8886826634407043
5_86d1b2e2-f2e8-4f87-a584-da44e9a3b04f.jpg,5,5,0.8455042839050293
5_87ee7fa3-4a4c-4251-aea7-26892b020f37.jpg,5,1,0.67058265209198
5_8919e9a4-1153-4637-86a7-862866421692.png,5,5,0.8532049059867859
5_89bfe7b8-bbbf-4b9d-849e-a2cecfca9fef.jpg,5,5,0.8741343021392822
5_9f9b16f8-e209-4c8a-bd8e-f854a5377042.jpg,5,5,0.4871489703655243
5_b37fe45d-75b8-4607-83d3-19ee3b60ba18.jpg,5,6,0.9077519178390503
5_b549a491-0306-4a66-879f-7d63d803a9a7.jpg,5,1,0.12525160610675812
5_bdd96964-d294-4d5a-822f-aa2230f56ffc.jpg,5,5,0.5932475924491882
5_cae176b1-2a79-4d58-a2ca-b52ec5871f2f.jpg,5,5,0.7303065657615662
5_df41e6d9-a3bd-43d4-9fc5-7bc8db20266f.jpg,5,0,0.9428451061248779
5_ed33937e-7114-4283-ba50-de639e5f11e6.jpg,5,7,0.13599388301372528
5_edb97296-5578-40b3-b3ce-ef5ed8292aa3.jpg,5,6,0.14770111441612244
5_f1e800cf-bcfc-4430-bc09-a5683f75f9c1.JPG,5,5,0.804258406162262
5_faba8f5c-bbba-4539-ae88-0b45e86d8dc9.jpg,5,5,0.6483389735221863
5_fcf9d815-e61e-425d-8d64-2fa1f06dc1bb.jpg,5,5,0.6355051398277283
5_fdb3017b-fec3-4575-884f-e6c3421f168f.jpg,5,7,0.43579670786857605
6_03e70b39-b32f-4357-baae-1d3b14edfecd.jpg,6,6,0.14770111441612244
6_0490be41-c9ca-469d-9229-754047d71328.jpg,6,8,0.2167990505695343
6_0834bbb2-f009-4050-bf99-3f600a9400e2.jpg,6,6,0.8894723057746887
6_0ae555dc-ca1d-4209-82c6-614e9b229df9.jpg,6,6,0.5012303590774536
6_0c2617e0-d484-4de4-b49d-a63e1339ba91.jpg,6,6,0.5025300979614258
6_11072222-df41-448a-b29c-ee103feb3e0a.png,6,6,0.7933143377304077
6_12756fe9-e042-41fd-8520-6b0cca82866a.jpg,6,0,0.6542701125144958
6_204f3fc1-252e-48f8-bc46-814f81cea948.jpg,6,6,0.24403655529022217
6_2dbc2bd9-cdfa-4e9f-b7b7-269ca4a645eb.jpg,6,6,0.21994777023792267
6_3a1b4b8e-7033-4552-8e3b-aa7ba534cefc.jpg,6,6,0.7618101239204407
6_435469cf-f27f-4d51-be7d-9774a1d391d1.jpg,6,8,0.3983418941497803
6_49458cb1-2a85-42cb-82ba-9fc7c41d4f14.png,6,0,0.9319643974304199
6_4b7682f2-9bb4-4346-9995-bdf4ae2312dd.jpg,6,9,0.2602464258670807
6_4b7ca41b-78b2-4127-b210-2e307d0b19df.jpg,6,0,0.560493528842926
6_4c4d2d8b-ba72-4d04-8d50-cc497829d254.jpg,6,6,0.887567937374115
6_4f4d4dce-7db2-499b-b143-aa8f80ba7daa.jpg,6,6,0.8591079115867615
6_514744f7-55c7-4240-80a8-8993c83d6c05.jpg,6,0,0.8839662671089172
6_54456940-ebb2-4bc8-b711-0536b73094e4.jpg,6,7,0.13599388301372528
6_555a4e60-e1cd-4e3f-aa6f-cb922c1ba707.jpg,6,6,0.8010576963424683
6_5d37f279-5628-42ab-af84-6d6d3585f3a3.jpg,6,6,0.8901622891426086
6_5f677963-d91e-4b8b-9d58-be5e655cb724.jpg,6,6,0.826554000377655
6_60de02f9-2026-40f1-a380-fbe528190612.jpg,6,6,0.5240400433540344
6_674cad10-5bd9-4b2c-8441-404d929583f2.jpg,6,6,0.8722279071807861
6_7224a3b9-a98c-4b33-9771-9d4e859b8344.png,6,6,0.8611934185028076
6_74ab8cac-f73d-4598-a5ad-93ec53ff7984.jpg,6,6,0.8684019446372986
6_78d7c404-4616-4b5c-8eea-ef2d10ac54bf.jpg,6,6,0.18613691627979279
6_906dad6e-8da2-49d7-a428-922e27b92701.jpg,6,7,0.5111990571022034
6_983a0a8d-63c6-40ce-bdd8-24229cea04d3.png,6,6,0.7281088829040527
6_9ea8a7d4-ed31-41b3-884b-387689e07427.jpg,6,6,0.31224119663238525
6_a6d9fd0a-f4b8-4d6e-9b52-52693a42783b.jpg,6,8,0.11975126713514328
6_b46b4fda-d98b-435c-903d-af144f694643.jpg,6,1,0.12525160610675812
6_b4c17c42-15fb-458e-b0af-6f53c98fba57.jpg,6,0,0.565815269947052
6_b5cfc0e4-17f3-40af-9cfa-7414629af2d7.jpg,6,7,0.9347962141036987
6_bdd4f393-909d-4236-b137-a82bd646f56b.jpg,6,6,0.8052100539207458
6_cc7c92e4-0517-477f-b936-6486d26904c5.png,6,6,0.8813788890838623
6_dee7d252-4022-4496-87e5-8945ed9ca159.JPG,6,6,0.5765339136123657
6_e58dfe06-da64-4bf8-9f3b-f2d62fa385bc.png,6,6,0.8703984618186951
6_e7b71235-e185-4078-8590-a32161b893d4.jpg,6,0,0.9428451061248779
7_176adb78-865b-4dc9-a4b8-94d2d4ac5142.jpg,7,6,0.18613691627979279
7_1910ddbb-11ec-4976-bf9e-f78d831f5d06.png,7,7,0.8140820264816284
7_239646ea-be7c-4a84-bea4-30d3e8ef621d.jpg,7,0,0.9428451061248779
7_3837d050-3b82-4cec-af97-d8da4d66b1e9.jpg,7,7,0.13599388301372528
7_4838150e-e0da-4bc1-889d-edb8d49b5ef1.png,7,7,0.8342244029045105
7_4c9c3d0b-038f-476d-b2e5-546e27cff46a.jpg,7,8,0.11975126713514328
7_57a9bcf5-59e5-4f96-a0e9-72746701f5bb.jpg,7,7,0.8321033120155334
7_6521bbd6-5af4-4f42-9d77-bdbdf49e5819.jpg,7,1,0.5625067949295044
7_89adab80-d83e-4783-b197-4ce67ba14d39.jpg,7,6,0.14770111441612244
7_8a7f93aa-371c-4773-b9b6-b63fd0519369.png,7,7,0.8775786757469177
7_936f02c4-41e5-414d-b8b6-c364ef5322fb.jpg,7,8,0.2167990505695343
7_9edf1f97-8015-4203-a675-7da55d985f28.jpg,7,6,0.21994777023792267
7_a1375ca8-bd00-421e-bbe0-2f0a9b51c40b.jpg,7,7,0.7550296187400818
7_a53a7103-6bb9-4f52-8640-d49943805676.jpg,7,7,0.8486698269844055
7_c5684a57-e423-4fca-9dd1-7d472326c359.JPG,7,7,0.8809974193572998
7_de4e5887-9e71-4fcd-885e-338655519cd0.jpg,7,1,0.12525160610675812
7_ea438924-b37c-4f06-9ce1-cbff104c404f.jpg,7,9,0.2602464258670807
7_f1d2f1be-030f-4981-aac2-727d97a1ade1.jpg,7,7,0.576478123664856
8_0429c105-eeb4-45af-8cca-50e6a8abf2c9.jpg,8,8,0.8985095024108887
8_0ec56abd-1a5a-4234-a28d-7d3f90acfe12.jpg,8,8,0.7239219546318054
8_1e83efc8-cc71-4751-8b71-bdf276f7c3e2.jpg,8,8,0.8587272763252258
8_20dc51e0-a1a8-4e35-9f6c-fa86497ff058.jpg,8,0,0.6912671327590942
8_213df695-1535-4c32-95a8-c0d41e83043b.jpg,8,8,0.8156247735023499
8_2479250e-980b-4285-b3c0-502fe5c54324.jpg,8,8,0.2167990505695343
8_284278c8-d5b0-4694-b443-a3ecbb94698d.jpg,8,8,0.8839983940124512
8_2ded3b4b-401f-4107-a17e-8333e141ae38.png,8,5,0.6361886262893677
8_3395126e-dbe0-43e6-8361-949610368e42.jpg,8,8,0.8587272763252258
8_3fafcac3-4882-4c00-842e-4be1d24400ba.jpg,8,6,0.18613691627979279
8_403253f4-e345-41a6-93d4-c8eeed0b4c7e.jpg,8,8,0.8587272763252258
8_50572334-9c97-45b0-801a-89d41a1ea4f1.jpg,8,8,0.5447196960449219
8_593ab470-2974-4447-acda-f5b07ad17e3c.jpg,8,8,0.8016841411590576
8_5cf111a1-5cb3-4b07-a4c3-d9a67fd2092d.jpg,8,0,0.9313849806785583
8_5ed02b40-9783-4e2f-a15b-b3705d0f2e98.jpg,8,7,0.9347962141036987
8_6d04e281-5df9-4478-b9c1-ab73c38e0035.jpg,8,8,0.11975126713514328
8_6d9953e2-08f4-4f63-b4e1-993e416a7e73.jpg,8,7,0.13599388301372528
8_705af558-0f9a-4914-81f1-c4b2208febfe.png,8,8,0.8503290414810181
8_754a4456-0d24-4515-a07f-b844c3acc301.png,8,8,0.807461678981781
8_7b6381d6-0765-4a8b-9d8c-fac92be80a24.jpg,8,0,0.9428451061248779
8_7c41ae38-03ef-438d-a101-5cc514f03ff9.jpg,8,8,0.8486365675926208
8_7caf4ec3-0dfe-44b5-a60c-d56c5b936454.png,8,8,0.572574257850647
8_87f75b84-1b34-4ee1-b4cc-a6704f6be86a.jpg,8,1,0.12525160610675812
8_8bbf1176-164f-4a89-a806-beb945b9fd86.jpg,8,8,0.6499233245849609
8_93e0d199-a50e-468e-905c-5012470d0d9d.png,8,8,0.6904714703559875
8_9a4ed793-2d7d-4475-887d-1c9b54513c46.jpg,8,9,0.2944803237915039
8_9f95ba77-729b-4174-bcd1-4037d0b68728.jpg,8,1,0.8832293748855591
8_a1720921-be90-4f6d-b6d8-7c00dd8c2373.jpg,8,9,0.2602464258670807
8_a98cc9b6-79ca-4a2a-a7ab-64b68e91c1f0.jpg,8,6,0.21994777023792267
8_aa468b3b-05a4-4fca-83c3-af2476d0fe80.jpg,8,8,0.8661732077598572
8_abe4ffe6-e5d7-4387-aac2-632a8c72c355.png,8,9,0.5561656951904297
8_ae2317b7-aa99-4100-81b5-3f168b507c86.jpg,8,8,0.6618837714195251
8_b710ebd7-a094-465c-9f36-75972abd9546.jpg,8,8,0.7389194965362549
8_be0bc4d4-dc6a-4fd7-b8c2-b2b195b15326.jpg,8,0,0.997681736946106
8_c58fab10-cc83-4c95-99bd-03128af364b6.png,8,8,0.8963095545768738
8_c7d750cd-f609-4490-a203-ebfcfbe40bd8.jpg,8,8,0.8587272763252258
8_d1c89ed9-4195-4425-9403-04df6a0b82a8.jpg,8,8,0.6219853758811951
8_d4cd9741-19a9-43f0-9749-d7d517a85ef2.jpg,8,8,0.7575504779815674
8_de03457f-a501-4b77-bb73-2738a9b36b91.jpg,8,8,0.8587272763252258
8_e1ef5869-612b-40c8-9c34-b227c1609dfd.jpg,8,6,0.9147314429283142
8_e343faa6-35a1-4c39-8e9b-6212511c75d3.jpg,8,1,0.8228341937065125
8_e49877a7-c2fa-42c0-a874-3584ef7185d1.jpg,8,8,0.8627708554267883
8_e564280a-58c9-45cf-908c-5ca4665eb5b8.jpg,8,8,0.7797753214836121
8_e6fae154-5010-4c9f-9f0b-2ccf6da6659f.jpg,8,8,0.8587272763252258
8_e9b17c27-e35a-4283-84ec-c38cdefcab1b.jpg,8,6,0.6786646842956543
8_edcca37d-2eb5-4c00-9c90-9a335fd03aea.jpg,8,6,0.14770111441612244
8_f25c0772-36eb-437d-a9db-6dce174042fa.jpg,8,2,0.26965928077697754
8_f5bcc9a2-b5f9-4305-a35e-3653a5439f35.png,8,8,0.8985704183578491
9_065cc770-6b18-442d-b166-686e948b8af3.jpg,9,0,0.9428451061248779
9_0d033212-6b41-4828-83c9-613af5c2e6f9.jpg,9,6,0.18613691627979279
9_10a879fa-2983-453e-9db6-d7e9098a6103.png,9,9,0.6718167066574097
9_19089f6a-b58b-419a-b392-77fb5f568b03.jpg,9,8,0.11975126713514328
9_2042ec4a-89cc-421e-ab97-1a8e4156d0b4.jpg,9,6,0.16292382776737213
9_2939afc5-95d7-4638-a15e-5d74334ff7f8.jpg,9,1,0.12525160610675812
9_34795807-e131-4327-b55d-8dccae4726f2.jpg,9,9,0.877496600151062
9_3a297298-7926-4667-b2fb-aadca148961c.jpg,9,6,0.21994777023792267
9_4462a34d-1c2b-4fad-98d6-c73300d1ef46.jpg,9,9,0.845837414264679
9_4cd3eef3-d814-4949-9858-d253ecef17f9.jpg,9,6,0.14770111441612244
9_548879c0-bf35-4bc2-8dfc-38dd90dae7fb.jpg,9,9,0.6837161779403687
9_5dde82df-c9f3-4992-91f7-c4a0799401cc.jpg,9,3,0.4962295591831207
9_5f5b1acd-f6ca-4450-bfbe-fa186d996474.jpg,9,7,0.13599388301372528
9_699e8243-6d93-4933-9682-804ab25751ed.jpg,9,9,0.822439968585968
9_6b1fe93c-ba77-4bbb-a40c-a924748e7c8d.jpg,9,9,0.2602464258670807
9_714dfdfb-309e-4456-bf0c-0a1464b6d204.jpg,9,8,0.2167990505695343
9_73f9587b-5221-40fc-a5e9-e50a9d5ac622.jpg,9,9,0.8681023120880127
9_863667a1-39d6-45d1-b1ac-242bb969d70b.jpg,9,7,0.9347962141036987
9_86699518-0db8-45f5-81ba-b2a378a1a028.png,9,0,0.8888605237007141
9_8c03f363-bacb-4650-8983-78d284c580ae.jpg,9,9,0.7510643005371094
9_93a7fa62-1399-4593-991f-9f8ef6e586ac.jpg,9,1,0.8988834023475647
9_97916903-feb2-4e42-ad1e-f051a52187b6.JPG,9,9,0.3197014629840851
9_9bd64faf-6aae-47f8-a2a8-ca595a7e9e53.jpg,9,9,0.6965178847312927
9_ba64c002-f6d5-41e1-8354-a8598247e31d.jpg,9,9,0.8626887202262878
9_ca931132-b60c-41c0-be1a-9a3c1a6c9bbf.jpg,9,9,0.8748917579650879
9_cc1a9e4b-eac3-445c-9f61-65a340c25dfc.png,9,9,0.8363919258117676
9_d1c9bde2-833c-46f7-b08f-e44568cb2459.jpg,9,3,0.6028327941894531
9_d37ace54-fe2c-4bac-b208-3ce597b0c076.jpg,9,9,0.7723395824432373
9_d459ac3e-22f9-49f8-8f6b-0f0e4f0a73e5.jpg,9,0,0.6656588912010193
9_d6ccf424-3649-4821-afc4-2eb22020e60f.jpg,9,9,0.7232503890991211
9_de91ba57-f1f8-472e-aab4-ea6a145c12cc.jpg,9,0,0.6259596347808838
9_f276aa9a-43ca-4ebe-9c66-b523b7dfdf6b.png,9,0,0.8893786668777466
9_face9c5e-ea6c-453d-9e00-7931f54d2c5a.JPG,9,9,0.8978040814399719
