student_id,class_id,assignments_submitted
00b6dd4fc7eb817e03708c532016ef30ce564a61,44,7
00bef8afee8f3c595d535c9c03c490cac1a4f021,31,9
01122b3ef7e59b84189e65985305f575d6bdf83c,10,7
0134f9f410c65ad0e8c2254a7e9288670e02a183,22,4
013de369c439ab0ead8aa7da64423aa395a8be39,9,8
014c59c6433fd764a0b08de6ffeb757eaf60aa73,31,9
0155f91fe242fe55e1af631b0f0afbe9938b185c,9,8
016f87a7bd87f233a8633fba8a1ca7ef5c3c63c1,4,10
017ec1bbad0d598e5a86ac3bd595b870b6456e61,4,11
01ad03ec301749c033155fc17e657cc767d447c8,27,12
020ef1c31cb4751bbfa1a88fba782db3c402e2fa,34,7
020f253c343856ea875e959023e79fb1d4d9c0a3,43,1
0248e16d134e1bd5b4352701e1f23b904b7c4cdf,44,8
024af5e4f76c23e7f08616c60e595453e538a1ba,41,8
0297fd76b36e100882756e636bb03031255f57da,91,5
02c88d535d7393d30ce3338174d0a17ee7e8b8cc,101,5
02f8a629f1a01a476de3944da2860d1c107f1b28,5,16
0304aa9c12a1c900dcb4413c6a4ce40cc05b1696,55,5
0306a80129ed6d5afadece8164929697bbbdea69,6,7
0341249377940c004d0823408ace7cddbddbc923,1,11
035f97702f2c01d26ab1fae8f39ea2f98a0caa3c,22,4
0367f82909c46a900501cc32d02b913923f75314,99,1
038dfa39ea11eb199e32e61fa4bd264d6d7ebc72,55,5
041dc9a457bc7a9f1dcb5b215aaa78a6868483f5,6,7
045792bbf5167d31c0064c8520d189a09f276502,101,5
04d32bf7b10a238244d3e1acc3bcf53a449daf99,54,8
04fea422f4b51279771239f896f7acb7224a2def,14,5
04feabadb3e2d863eded075f541be8ff78d50474,27,12
052039d5c5915699359b1d549b36ea69330c0ac3,9,7
05203b8a827f60a7cbb49a7d04a0b45dae39fa8d,31,11
05218d5a6d67f5c1d6305dffb907e940260304c1,93,6
0538762f44e8dfb07dc26c8c771f06080b9b2dee,34,6
056711f171807d5b28f83e7afeb3d7e18ec3a5d9,9,7
0577e3c1b0a6df46c7fef07f400b42811cc77250,4,11
057b868ab03f5596f4a8c2e579c401f2fe9a2dfe,45,8
05b134c1a682085880fb7ce76d221a48955e5b8a,9,9
05b7c7d664702d3677ddbf5a03e976e24b16544c,15,4
05ed34d40112c0d0c446cb9c00fa6e14851a7aa1,44,9
05f7b04136abf33daf80973c0942a91751222e1e,54,7
0601ede7fba3727ac6cae3653b12cebafea42863,24,5
06024da8147b5cf6105beb4c403f67cf1ff0aea1,99,1
0603b8a222e368a7727190b2883c7ad7b96ce5ac,15,4
061a128e882272cd17340c8feb637cd0ff9e5dbf,27,13
062e8c58d3f85428aeed19095d12dcab6806f2ac,4,9
063c339a318b967ec77cd523f9ae4c62a7afa083,27,9
06490d06037ae75484a0a36a7a46e126b0b49495,33,6
0659d0431565eaacdc601973560ee8331f910947,31,9
06b43a9d40f16603a72a6333318a5086b7bb7e12,31,10
070671333adf94dadc433fcafc872c6301dd0744,4,8
073de6e606b6b7f3f44a8e8301ee87c3c978a2e2,31,10
076cc92aff4d582b4b87ff0d111496e4a646b12b,101,5
0785a61c54bc37c6ddad3c02b29d1f9e15adf85b,40,4
0799ab89dacde8042474f7bfe75a739fd151b73d,6,7
080df7c3716ee6b773c346c67056400fc235ffec,27,14
081cbf0e54173c1b4c90be93a514521bc9c710fb,6,7
081f6737145108d2cfb3e432f03d59670bae3ded,44,7
0821ac06ae77101d7dd9b8dd103f79ffa46657ab,27,5
08399013cfa671c37b50b71ef25f1b2fd606c009,4,12
08838c74dc4154d8f49b1408d27fb46ccb92d329,4,10
08b8ccf18df77b125fb5306e9ffb55ad284e1872,45,9
091ed1fe8fc042e202205f09f3d49a065c0f4da2,6,8
092370bceb84374c83ca09e8d8f93c837d923bc7,1,9
09cbbae64d03af8ca53224aaef7657171ba27f50,67,4
09cbe188b9d1e965edf6c1c46a96b9306ec2f329,31,10
0a2c78cee9afdc522c5f0fae46937138f47b152b,33,2
0a99205e11c0c6d86b348a926f693d6529e0210f,6,8
0a9b6ec3e82e8a2527b21eb3420a6d9b72f4f71e,67,8
0aad9682c3c4280eb05dbd27e6cab55f4b1ae4b4,67,2
0aaebc88f6106684d6993c156104c1ef36cf94e0,22,4
0ac20d28419a43394bc94b257c7aab70e87f1675,41,7
0aee33404db5dc946de8c70be37c6e82582885c6,9,8
0af47eed4e0bd9c21637fc39db8fc17fedb6b1c0,4,10
0aff6f7083979073168bbdd6c227015eb09eced9,118,5
0b066d297dd2f4288d95b0f4a92a8af79b542bf3,4,10
0b18b1d653e0d031e1aee9129432b668c4264d3f,93,5
0b26c12ecc1bc4c1f127d5e6f6302b1b0b584faf,99,1
0b4355398b9c16ac0a7f559752e83b655f5aa6c7,99,1
0ba5c041f797e8baecc5f32034046994b801cbcf,15,1
0bd2037bf68a97753e5e67ab55dac026a649f279,118,5
0bd4c0cd006b55dbfa7806aa4b45926119ce9540,4,9
0bf111a9caedf02804f6991792490e63bc21058a,22,6
0bf71ee0dbde0fb1033887111d3094c61e66f44b,10,8
0c67423aa82630d4406e9477bb7462db4df09c4d,67,9
0c9cad573ea42e5a8d9058b834cbc9255128d54b,45,6
0cab57d7705bafe60116d29a1019a774cd661f02,4,10
0d05b13c0460dbd3e3e99537d6eb4665b0dd194b,4,9
0d667a9fcdc7162fa7182f0e14302a56dbe700c5,15,4
0d815307d5307124d148bbebfb41497230c4bd15,99,1
0dd138a9a2b0349ede3fee340cb02e40197aea3d,27,14
0de8af23bfda13f21ed67e41a5aace53ff8aef99,31,11
0dfa65b4dafad47b15abbfd6c6ce1aeb213901cf,118,5
0e0d9e9f9bc2173402e77be7eaaaf0d562168009,93,3
0e346c62a6706465a1c49c59224eed1cdb5f7f5c,118,5
0e51dc16b3d9de6cbcada8abb58ddeddb448b6e8,14,5
0e63b2194be2efd4b5b5f2b6e2d77ac12aaadec3,113,1
0eb93817d6eb3d5bd3e44dbc75971eea193b924f,99,1
0ee9ac569e379f04a42a18c88cca093ef1121ab8,45,6
0f0664021ebbec70b1d3bb5a5419e22507179671,63,7
0f8c46242826be3cbe5e14f5773ee1da97697024,9,10
0fbb7000a8fd1f413cd7a06ec7baf2b1f6eb493a,10,5
0fbef055915162cb6d6501558499544d6dedb799,45,9
0fc728b5b267485042d587eeac067b6c4e2a1d15,27,7
0fc74820b7bcdd23c196f494e7686305acbdc71e,93,5
1004df3c370eb09604c10fd89f9e86a2c037a7dd,14,2
10208a0e6cd46ed16c4fd6b83f3993696ace5495,33,4
10253729dc5e3b0b2d3dddc37638199910394daf,4,11
1032e725ab35f7bffc504759477f8243066a026b,15,4
108f1062e8ab6d51f404e7f639e781edc9ae5eb2,40,4
10ab3b376215f6afcfc642ea66a50f92cf944717,99,1
10e3359db56b99eb2f621d7c875f3c26cdd01a64,4,11
110da1d7ba2be3ffa13d62c7ed8b917e5dcebece,9,5
1133fe0ca8444133bea1e55ef5b4026b5e8445fc,34,6
117d3bf4a5deb7a9f3422f088e10bb3f8eeb7e12,27,16
11f5d8226ebf0108a5a4ecad896a990ecb369247,27,4
11f61032ed64123d44a372930101fd5f3877e010,27,16
11f93249faeb096567269266fbebfc3b0f6b5dc1,4,10
123c4ff5313ccf709b3bc4bd3365087685440c71,13,8
12607a7c2283944afc08e1ce4df79ba688a31f74,93,6
1271071dc622e3a72b0ef187b6e955b9d59db5f8,4,5
127974170c7fb2e3945a3c5b666bb7f6dadc87ad,93,6
12887fd9a4df4ba9b88a71f3fb1d2502a75995dd,38,5
128ed4bebb12d030efad936db13d26a620bd620a,3,7
12aa60fde9ce650c25faf60398d3c071cb80c1b4,14,5
12d6e24985ac80a581968fb1f36d699e6dd1cd33,13,8
12da07c3cca4f480a6064f7cbedaec11d677814a,118,5
12f1e26c28f731fd2ad1787db42f4c13de432ea4,44,9
13293554378a8a5f29de5440ab1c49003af0214a,1,12
132d544dce1633485350dd582ed7f13fad5da3f4,6,5
137ffd846ed245676a14f1d5e8676a4ef646182b,22,4
1388c66d46212d87c084af2a8fdd0257444ce868,4,10
138c5848f009c004f0b8e2379316d5ec18332ff8,38,4
139aa923bf965f373c678ba8c10f500d78269e20,1,11
13b9e4710dc86e953960ebd2fbae7721d24fdc2a,31,10
141e7bebd6db0745569c97910301a67c9962826e,1,10
14354d2cff31b4330ad9e939b18cc8fce8c1c085,118,5
1438feeb138cf0a2ac3e5583f5caec35e3104234,10,6
143fdbefc9ba427b841fbd52b7999b2a996562af,1,9
1466659761d4827040ac1226fa45ad172c4743a4,93,6
14a29b0a13697ed0e000bdb9f374180ccb495a2c,27,14
14a493d035053a109eeeeb50a501d2b69a8ec429,93,6
14e9c7d5220ae70aadd1e37038e74bba41439d65,27,11
155290f106d7951f353d1290f55d95a5a1535e90,6,6
1587f82c10e4a0f4241b317cba4fb5691bab07a1,54,5
165e4e596c3bdade64bf0bd2491fa8234015f0d2,54,7
16a221ec975ec0eb2fcf4acd69fe87281d585ca7,14,5
16b6e419367318f9a3a28439ae013d55638ba0d3,91,6
172ed6401f9b9f97f6603c04fb2be3a83d495f12,15,4
17b62f15056932dddf225da7f5e30911e316f7ed,4,11
17ce312f66b2f6b7c5766e4d5cb1f7452aa20911,113,1
180a4c5f90b6d7bd4993c51385fb00b4d32d2834,113,1
18fc5492e3a88861f35c23bbb2805f724c1a135a,48,7
191ba6c8fd27e676f8c2f5341bfaf487765fa0dd,9,7
195aa2f618f1001a6ca4da0300dd8bb798013a73,14,5
19787a8ba9b724902ceb45f483190f766e9e291c,27,13
197914fcc84fa89dd136503225f5ecdbecb2600a,14,5
19bb25163e0a13d6d2b1606c92e1366ad7fd8341,33,5
19fb6947af793def84e3b7ab4f867bd460ad1b73,45,8
1a116d1e7d5af20a32ad9d0232b6803c70f7978d,4,11
1a4b69992c879b4e5f64e848ffdddc2f2f401e44,4,10
1a651a0e1038b173950ab2be4fb4b3016d617aa6,28,23
1a68900dd1fd8fa7892cc9450d53e991ca241785,43,1
1abf62f1e76bc5ac164061cff2a8171d6b6de657,54,7
1ad3d49b185ea0e42354cd94ac86c60ae982616d,48,5
1ae3ba4f07f87302215a9b35d195bfbeef187ebc,7,7
1b248f11648c9000f277a02dc5d4bea3800ba43a,34,6
1b30ad6d355a521cb70e2eff2efe28c3d2fcec9e,27,6
1bb7bc7fa80594c77e224e8f9632c765f26838e5,67,4
1bdf6175e8df831b083615bea765e48098904986,27,5
1bf00adb6ad4cfbed2cab01bf71398e1ed9db042,9,8
1c095c774d9d1d3a4ddcf533186e7146fdbf92a7,27,14
1c34dfe9c77773e6949a4d248b25897b3f78349d,67,9
1c38445c67beb9a58777c87a9c059cea1ccf2223,113,3
1c3928fd78413712a00cd78e6ec020b2cfc666fa,91,5
1cb262ad711450f9a6a0f5cf786788b17d2d481a,54,7
1ccece483f66d68acf592f017c1b5ca6c682542a,113,2
1ce192d1bbeca43c01873d6cd5a6318f4050fa56,15,6
1cfda392887d01754199fa5f5cecf6ea3c9b0fec,1,10
1d1a20a6ce616a1b0780f5c86f1f6cf9f7c9a5ff,14,5
1d2f411ed3ef95a96dea54ce6a09c0d0b65b6a7f,91,6
1d5ba7c1c8ab8d16890eeb1772560ab942c42003,6,6
1d9024c71085dc3822bac092baef8b238c3b497f,27,14
1db86260a9c5f649ae36ccd97c36920df2d51d20,43,1
1db8dc5d1005cd6d742fd9bfba759aeb2babab66,27,14
1dccadbfae8f0adb300cb239e727b2481e2b149e,67,2
1de22c51fffa76f33c3a7698a3f7a9e6ab6be9ac,6,9
1e055a4ba4266c760d42cc958ce119d344f402f6,67,9
1e09b1a5541a443716e68239b181fc116425a9b2,118,5
1e347993c7fb0053ac2a1b01b6b6c5a5fc3dad9d,63,6
1e48d7fffb4fbe08eec6151ce5b2378258d13aeb,15,4
1e4b0ce4b171b3e33195524f6a6425a1b8f98597,7,7
1e59ca9160cbe32a3bebef6df4339e30a16d0dfd,3,8
1e6562ac23e7980dcf32fa8963837c68dafc906f,5,10
1e87dd3db07a664f4eb34b7e0a3ac578ca8846f9,13,12
1f15254ccdc062083c8f4e02523e18c2384dc6e1,7,8
1f641156e4298943167e0e1ad7a63696ff3bc17d,67,8
1f7be2d565e2629c4ffe64c30c41252de69300c5,91,6
1f88d783ff0c3a19a1d34b4e45d71b4f9b14b976,93,6
1fde2156c0969b0aebe55ebab7ad14f529a492cf,93,6
1fec28e4753dac81fb5354793029a3a2f81c7b7a,14,5
1ff3bf1f9353578bd902ce0b3879369b46c72640,24,1
2003e05bf78d3b5b7f672aa1d02ae3aa0537706b,28,16
201b7f1b1071911915956b1d54f5b7e69a7d7cb3,4,6
209d7c77e7a150b6990a3372f7cb24da0c0e7e07,43,1
20efb5f5c748870210f094db59aa50c4360d32cc,4,12
213a1a52e92bd478f671a4e614a7ee5b82ea4b91,10,6
213a48a8028d2dd6ed42c47be4588ac5a909076b,27,16
21661552706810e470f97f098927a2b89d9b9eaa,39,12
216a3ccb8504db72c0b5ef227b00d61d2e2ec7be,40,5
2170453bef40f448016841b0ca5ad2e07143bf5a,4,10
218191f4a8648e65ada28c23f52f578dec21cd98,1,7
21a401ad12c3345ca4c3210d5d3c69db10526b98,39,16
21ab308abfa9829fcac76f8286d624afae8848aa,44,8
2290b12e40983b7635bc452c3b6e00c80549220a,27,14
2290d198e0649ef4dcfb6cd22d36d87969fb7bfb,40,5
22deb5e56e580b0b0353f10e076cad95a3b8e631,4,12
22e1f50c4e471c3ba307802b396b7d0a16706005,63,6
232cce96362898f08e9150ba244adaf2d6583ab2,4,11
2383a9a33025aa8759fee9a890f6420df0fc8b47,113,2
2396ff874216d36060ef615c0531d71684b30b4f,40,5
23d64bbdd55f11cb1d617be60d7b5901c5fda2e6,5,15
23e8b9776a349c810234bb174f7326d14c89bce5,9,3
242788be909743713c5ade123c9f0b13cc4b2db6,99,1
2427d12cf7a43c66b921bdd9de261fb9b452b2b9,1,2
247df99ea72a42d6c12d6bd7b58ca0b2e163182e,4,10
248ff20c10b7d18c30fc84ce214936f5bb440e6e,22,3
249c629226d7716b59d1841c45dbca54afe3c1a2,4,8
24a9bfba88ed640e9690cd9f6bf4a2985f78522b,4,8
251d2672c6ecd01a83e6fa19483d8e57ef5f45a5,1,10
253471036c41eba7c24bbb6e77d4541c95bbb5b7,91,3
2536ee746de2df68642ecf71037409e47fa1941c,10,5
254f59f316c0c9e98ce4d4ac6cb1718aef6d9f00,3,5
25501bb976f5234f69a8cb767dc5b4ab87a9021e,4,10
2572a6a2ba5183ab68c3da80b69071a6a05c3b84,28,19
25fe3c7b5bf2d814b49ed3523b5a27c744ae5513,91,4
26227f631ff63a4f02f7d69bda90131df9bab5dc,93,6
263102b5e7fbad9de96373d99c0697d8db856bb0,99,1
26374d5fbb53e326323e8de92a0745452c1142cf,27,10
2639449829463fd12c2b9ba6fb9ea1c56e94385f,4,11
2639f9f46c6949536c784118cbcd036cd00c075e,48,4
263d37689dbb1044d8118782303415a1eac550df,27,16
26b95825d4fbeaeda7cfab5f5e7cd96ae31097f9,44,7
26bf2e6d5a634712af2f46b7057a83a4052ce9b9,34,6
26c932032169ad849d274427dcbdcfb190f843d8,63,5
26cc2520b79b2222de0037a32fcaeb81c09f3002,45,7
26cdb442f5361c690f8045caf5e026e7945e1965,4,11
271c95c3471c6588b4b9ccda962ce197fc94a9b1,93,6
2785407c3fa2ce2c79a914657d9a4610ae1e5078,27,11
27ac09df014fc0454129c9953b06f2dd9b997fa9,1,10
27d6037b0e6ff9972c80bf6192062f3f2e8b076f,14,7
2813d0ddc37e34a25e798ebf8c8ecb2fc659e8b7,14,5
2826a109ddc9b90686ec063ba1f90c72c655f8e7,15,4
2852641e2b7b084ef62df976d53340ead50e5e76,31,7
2855b4b4d03c37c94117e615a25e0e321ec8d77a,99,1
286ccf0d6187c170c299fa64d15a3705e7900a33,93,6
28940a6516bb354b4172fe3524f8b7328a5cf2fd,41,7
289a5bdde1fa9c49f221f19a10f636e81da724f5,93,6
28a0f5e69c747c78015cf8fb0eac804b9a733bb2,31,11
28a125bc7a4d79ba10eeb2abdaa878d46eea4b32,28,18
28b6c6604b111cc912e369256cac2bf944041a2c,31,11
28bcffd0bfcfb54b43119a7b5397a3bb53278e9a,55,5
299ff5851760da9a9d8b8f218dc82b573a397d51,27,17
29a9c1bfe53383e21dc534379f5fd64c4efd4305,1,9
29c9f517c368a528325a1e38b51adf368923bb04,101,5
29e04945ee56ed79c4e07198c0e66375428284de,118,5
2a6a418be08d9f0184a804b2700a0d58950b219c,7,5
2a8f1b3e408879bc12a312938c32061d9e29a4e9,4,11
2a9497dcb278dde20143d0cb9a57e5cdf3763a8e,9,10
2ad77f650b2381bbdcc0011fe5d9bcffcb109831,14,6
2b1f3237bb60db7f72540e004a1596c7ff3fd549,4,11
2b96fc96ee2e0090a42957d84ccd09cda2c72b74,14,1
2bae7a494d77c9c7cc0ccdc65a1915d25e31d2d5,4,12
2bfadd9c6a7bdbdd1ae792e0225b799ee67453a5,63,6
2c93a0edb553ae495ba9ca047361240c278f6cf8,4,5
2cc30f03509be89ad3bfd483b2bd69c999798805,14,6
2cd5132c3c49bd9d4d5081e386a4d69a593f850a,5,16
2cddc42a00117daf32501cba07d6dc181de7ed24,99,1
2d450fbabcb95dad1b49ce3a6c70ee6fd9ed6c68,1,9
2d621dbbe38ec756f71d3d1ff5b1f2de707330be,3,7
2e171212b96d4d95e0857baadfdc55455113dfc5,14,5
2e1dbf534b47dc518c2d4d577d312f6969d9e6b9,5,2
2e22e4cd67d6f2e9f70782c69e67f4d15bee7d1d,24,6
2e2fe98cf7d490aba85a3eba367d9512bac08ce2,67,9
2e8b47e527548d947c688069d4a5c60ed67ace19,6,4
2ebc44186d8093752e9c9ad97b67114006718300,93,5
2ecfee45346013cf126b75cfc8bdd2ba3b0c2666,15,4
2f2abfea66cd61a09939960e751666a2c0913430,48,6
2f465acb00ca28cf6a7ef4b71b4df1208eb8fc8c,1,12
2f4cbc9afdd23132d572c5f7a81b4e9b19b8081d,4,11
2f7bdf97a5978e8b7a4b3f69a474540c0c38498e,27,3
2f7ef2d7fa25c0f8d9de0a5ca7301041b9d08e4d,41,7
2f968a678a61cc1179708dc2820405e288ca9c67,67,2
2fa2244e6e21b8799c5210d92f8966838a43783e,24,5
2fa311a94bc0da6d97955730d071ad6fcc770bfd,38,4
2fdf9d089409fcb9c3728b0a61bb0a00fcc85db8,9,14
2ffa1b41cbeda2e9683f9d608b9dccdc31323452,44,6
301483d94b9efd8e7d95ca45979a6583215c1d58,4,11
3015441ae521554bb4d04b1e3bad620170a43d79,4,12
308b8bd2a17694ea81d601d025d5cb4ea6fc1fba,113,1
309abbd71d6dc57c03605bdc4ffe90dce74c4f10,44,7
30af7a50bb0bc62e730b65f59788dadf102d49b1,67,9
315b83340476d3a8338543ccdc95dbc86bddb3ab,4,11
326a025b5c23347b9eb2c5ceae75a5908a461f69,22,4
32991cd9c0115e4bd4387c8fa3ed559f4eba345e,27,10
32b47658ae606bb95f1bbf1e1dc86accc255e926,31,11
32ccec47f44931be75b93c598cb145c4803be980,4,9
331639421af1df525391f1013c5363683efb9f68,33,4
334c7722802329509bf82a5cd7b4a38b5825cc42,5,13
334f25ceeca6e440b1210f205c253cdc8d25942e,3,7
3399fb9cc4f115ff1d6a41cf169d8ebd200c3418,31,10
339fff79c43561c995b29972a962ccec846c599f,22,4
33b16210a7736a6f75ef1b1f3cb7070a4d29395e,31,11
33b6ac5e8631fb9ee19cfaf3dd4a93928d47bcc3,31,11
33c1babbdbffe79f6f16e085a78ebd0b2a7b3a65,5,12
33c8bfb97b43132f0054b97a2ebb0f5f3768031d,91,7
33c9e776300c7de11e0736b069b8e5042372d418,1,10
33ead7fc0a3cd59c67bb412d705c5f5b9cedccfe,24,6
34283eb36b1b51da5126f973e69199151b8f26c2,4,12
346583cc308681a50145af444a26fb217df305c3,9,10
3469c710d9f5a4ef230caca3f99b1ed21411732d,3,8
347b6f40dbac97bd24c857f37744f2c4fd590cc8,1,9
34a00f81f528b38404f04d9a360e73fb17b62031,9,9
34a187324e5c8bb2723a6f51a038acfef94a7538,91,7
34b6d0f0fe1617146945db60df615d0d9bb3a4d1,40,5
34f6fd0da81e68652a26b633fcb7d4d4169e2e75,67,11
34ffbe3d2820a74472b93e9dcabc0e17f75e779c,3,5
357ec20d8f9f416f9b02b0f54a81d3f409d074e9,9,8
358cf36e763ba00426124c74961d59614fd9476a,33,4
35cc3e4b8108e6eb405c96afabb167d6c0f9b50c,93,6
363d3494b7918fffc4e59beed6c76eb7d05b2c64,13,11
363f5d64f8c70c78376d1b5f9485511daa5a9d8c,34,7
36a292355e4b31b866da368ac2bc7902a72d4db2,118,5
36dbfe4759f861ee72011812df2178cbbfd736a1,22,3
36f6af52bd08c15b005618724931a558fa7049f6,101,4
370a904c5a7deb4ae08f111c87564b0180d572b4,44,5
371922831538deb39791562bd384acdf91531999,27,7
374725662b17c0d200a5d372579406bb4d830bb5,27,12
37593f2cd1d978efb79e32ed6981b74ad8523ebd,31,11
37fd8930995a4978e8378d28a84e0aaf3ad85c2d,4,9
37ff40068998a37a4e2c73bbb325103500cdb0e0,55,5
3822d529be3c7a49da411682207b471d61822610,9,10
38397f1c58351146edd1787b0501bbdb31834abd,34,6
3841fabcde0188d8dc9b3060cacffafa3450ec85,54,7
3853851c5433317284f37cd530d642560effc35a,27,9
3886b365ce33e5988c6c8a73eed09ac8a7c784bf,4,11
388c0aed9f437cb576f998892257a1a9410d1a2e,33,4
390881963c5fbcde08d9cbc2ec73846bd8eabaa2,39,13
391d18cff3df066db6fcc8dad718d325607e5493,55,5
3949c822529f6d98d518b762c7b49b030685ddda,5,12
394f4eb7fa3337f92a1148e8e9ba1727995bc8f5,6,4
3954b15205238530f2cb3b66db735fad6d0c8fda,9,9
39713cf2db02601e4bd6360ba70f8013c0433f48,22,4
39ab839c37c0269b14691b473ad894ba12e1afbc,27,12
39abf25961f2094474ac7c9d9d85735ecfaa10f8,27,1
3a1431fdc38caa2d40fdd0df60f76683af53a729,1,12
3a25a7b40408f3636b36d763cadc72c5ae6b628e,4,10
3a27f4f6ce9cc005a8f1a5f7441d26db75c9cd2c,4,11
3a3cf426569ff3ed1638fefb8d0a7bca73e0bdb7,14,2
3b0e56cb91cf7c26836c7fe857ef2fef62c2031f,99,1
3b24016cbab8b8632a54240fed0a17406b35bc65,1,10
3b3559f14b77090ee6063be193efe80b19bcc591,4,11
3b5d744051772f15e4bc3167d749711fa798b0c1,34,5
3b951429b4166a9149480e360687549e1069a209,44,7
3bdad6ba65de3948b9939ebd98d80b03fe3f8e93,27,14
3be1500e597852e42bb7fe17591b933e0bb44f93,118,5
3c499f0944773b5ae529a4356d92df5ce8ca7c0c,101,5
3caf61bb383eed4daa553e074208e84cdbdd7df0,6,7
3cde31c0a8378da5d6c2767652ec108deb9135a6,31,12
3d085aa7161eb03884e0a1e98d90f8d46e030d1a,33,4
3d0c27e5e776d4ebe788c50a8da1a1c9215ae25a,24,5
3d185c0c28fcae1ca2f5876a8e2e6681b38e5af7,9,9
3d1c486e68c08c272379fe7eeec4d38e75f54ae8,33,4
3d4f612148056feeb651f4711c1f640f5015101a,22,1
3d8d3a121d5e9126056c0676ac7ad2661696a572,39,14
3d8d550e8b7d9a0629bdd8e0ae73f8f0ac74b1a6,91,6
3d9b6ed975620e48ca0a5aee5fd19f5db1db3b18,67,10
3d9f8d11f15cce877a0766d08a6a920548041407,4,11
3dd2f099bd4cba1acad185a78c773972d450a899,4,11
3e19ebd05fd2cc465feff2f681011181a78e1341,4,10
3e572871d05f7888784ac55985fd52cd1c7aaa68,1,8
3e72f16a86233e81ccc2c9831c0297da6cca36e6,28,16
3ee8b93a31b564cdb14f3d62f08dd862461e0918,41,6
3f679f9f5c3b6c2a026bc0575cf7d5f3351a8db1,27,15
3f92f0a8c1729579c08e921fc041646ee2b50075,39,12
3fb53c585faf97ed5b0ecb316a4b419c969b790a,24,5
3fcc971a36a031eba3d5b8ce7a9181a4732a6cf0,93,5
40291da6897472b56a7ce6a0721a801b5014d3c7,27,13
404b067bd1dc212fb28d256714a9dc430d5e65af,67,9
4058bd26eee2f8affafaefd2b59b97c358e826cc,63,6
4069b40bebe0372926fcd92429f7431e300e6b52,28,19
40741b5b2ac93f9d0eacd4a28b48508be0a378f9,39,9
40a41a33c4e0168e2716a09cecc11cc3abb5dbe0,9,1
40c0843e6cba7960b4a4fc631d0831b9242a9778,4,6
40d6052a7ccec94dae8348e5249381afabbbc985,1,10
40db6a6bd27b7f2fccb0ab0e4b97b2e64d5e79a2,9,9
410357eb9129023509cfaf8d38be61c050bb3b05,4,2
41438ca9420c379467e8ca3456fc003d76bc99e2,4,10
414a76fbb610cfb396dc7177dfe67944fd7175f2,118,7
4178750f206a91c5b1cf0c5ac6a4021d23912736,101,5
41834c311cf35264cb9e6357eae499b95edb73b5,4,11
41c2ea992ebadf309d399ecabb99fba4487e2920,101,5
4203f7e50c4e403622aeb1b6d39ca45285510aa8,67,10
42510054a233b7b56beccee99fdd4543c3cff388,118,5
42fedf0a6f68d54738709e096f9352ccb17dc072,4,10
440a4bdda60ec044e91b9e5ee5c478c20bbbaf7e,54,7
440e56298b04156381c3f648f175b8697135845b,31,10
442024511cb1c5761a86578910e28f236daceb2e,93,6
44327e7dea2e5f69fea97c9333f7cd64484303c5,113,1
44557bbbb5013bd2d980dff1f4b5f6b47cb1363d,45,6
4455e671bb93d6652e42fc0925b3cc47cbf6326a,9,6
448866b737d07d7d184e7c1111b8f50d1b8fe91b,28,15
448e09eb2299c7bc3435e9a680e5e7e81b6d732f,45,6
44ede8e2b591b3b54fc25469d50e442459da73f6,101,5
45147b7f31a588b0c4245845675f7856f4dfae30,10,5
4528fc0fa6d591a221aba2cd316264877b73bbb9,118,3
454c509567c0f19453009731315e3db245a8c756,4,11
456ba3f2e4bccbd1146955cb3f0438260a04f7ff,54,3
4586b41a1f104874583010a544bdd65113d2666c,9,9
45e8b53fe4fc590dd9c7564fe2c6fa3ede58fbea,7,5
463ef2266d31ca7f0bca92bfcc9ae7301addb58b,1,9
4644e181d653c04f17f76eed400fdf52a43b2237,99,1
469c5d7634f0e3277f7bc8edfb3d9eb291fc6199,4,12
46bd0614cd76a4fa3af7d06e5feae3db673a43a1,44,8
46c1ebc62f7d6b099a6696755c9be3b984d2a27a,4,11
46c49850a9aa3be9f66161090ac1f0a8796b19ff,27,8
470647470caa15468e461e105a8ecd3b25a912f0,10,6
47aceb292c673f98f059ec36af314cb1c8894405,91,6
47af18d4bbc37e11d2c5130faaa8b2da3dba64ca,118,4
47b12b77df06d36f3a51ad5cc5f0dff47ddc9103,4,10
47d128f1f6010bd042dda2bcc68d710956fdb74f,24,7
47e01709f5df0b8793de34e70e8ddd9f8aa16d60,4,11
47e1eb91096f9e59b0faf185a88d41343c073d83,3,6
4875a2f817d7d08aa0437c70c33eb2c3e8c20d65,54,7
48832ca57fb72952c11805aa0975c2273273ba58,15,4
491ae8a65839fc737fb2c3e6ed06b990c7f36dea,7,4
4932174dcf0408a7eb862930c9c6be33d30825a6,113,1
49428bbbf72ee0208d581e31efb1db2dca5605f4,34,6
494ceabf1266854738ca9832b601000a8a3cde24,118,6
495933d0ca16d77c1ef1587e29f5477513109a5c,14,5
495a7aa30e85503d9a2027af83cd32af0eb7b030,9,1
49a4785cf7286dbb18206e3847f164b1af1907ed,4,7
49d11fa2e8d68ac09ecdacb94a96c95c95205ff9,63,6
49da363dc17a0db86c70a20f515608629bced9ed,34,7
4a0f49c2a5e9766ab2ea0aea95a12b763faff0a0,27,10
4a2ccd362270a02afdf8a1647576ba56a525fec8,31,10
4a8923bdd6d76861d91dce4b2670c04da6b45350,101,5
4ae698929993e35feef8c07911edb16212f5cf4d,33,4
4b09f1427ce0578515148e3300abcaf95ff3511a,118,4
4b3052a36e3e54cb3458984b0ffe5f2808445353,4,3
4b8a55e82d9825fa7440b91e638577957567752d,27,9
4bb463f3e32f05b9a1e323adc2a51603dabc75bc,44,7
4bed6361746e48435a9be358a5bbeba59696ab7d,40,4
4bee553c59acf1a22de81ef5c794c44f6371da0a,44,7
4c0740a4fccc2e15f52d77bbaceccfc1ffe309c2,4,11
4c390fed4ec7007f13b91f39d3d4d9ed101299c6,118,4
4c67cde88abaa3210919405fdb1b202dec23b08c,40,4
4cc8a421bf0c776aae86c3838ed759171d4cee50,99,1
4cd092562ee4a06eb01e8bd1e9cb7e169fc38c92,67,10
4cd7de9870e18e6ea8acbc2efb5f4fe9c051b09b,13,10
4d234ae70fe14c2d32bfa01c0ca7cefc47d68703,34,6
4d38a6fd027c342a0719d9e7d0f6bd3e820a238a,41,6
4d3eb0a9c08fa8d2fb11d00af22f7d582f106019,93,6
4d5d641551d82c1f733620b5d8ea4359ba376593,6,8
4d5f92f22244e37d20f783e571539a2d2e4e58d8,39,11
4d9d9337a0bc50984b35ecd772dee54b88ade32f,27,8
4db33a107c9a32cf80e08c941fd2c87888e8de8e,4,9
4dbe8c25b64077b21bf5cd971f115f2e32109c44,4,8
4dcdd4c95ba88786172619ebea8aad4ec757a150,22,4
4df0acd4131767bb6aec6c0eba0deedb4c246125,93,6
4df58b4a53afe49f40e1c054f9a2e8553352e254,38,5
4e1cce9ed2c3033338382d755820b85faec9a7b3,7,6
4e3603a6303b1bb5fb0ec4a0d8ec39ae3e0afe0f,31,11
4e662a9d37f64c95e5cd3e85d2d5f0d5be60d20b,4,12
4e718fe3c25329ccd0f4f138375f9099d81cd7c1,1,10
4e895c502e5446c21dfe7fd758e1336d2e66ace1,27,15
4e8a3d6c3bb0e0df7e39e93b9266737cda041fed,1,9
4ecc68ce80251f0f7ed752443a85e54028a20d08,63,6
4ef92a2d691e24dbfc22f9e0e4a6bee899ccf849,24,5
4f0784758f47badc4dc66910c529236f8a45bf3f,40,4
4f12a32bbef137a864b199061b62d35b4002e6bd,1,9
4f571f241bb2d884216b4712cdcd482e310a718a,22,4
4f7428b95565a938b2562be952beae6d6983f32e,67,9
4ff3fa101f0b4c9777b996d2e1b338a529eedb6b,45,5
501f6ef9ac0e3eaee34c2357da968672bafbff95,24,5
502430aa4e945c0273cf3a6f35b982cef7067ad1,33,4
502b640d7a4830b10924009c39b4dd34a4c600cb,4,11
503affec12fb99997f583ed73b60262572694795,113,1
5055b8d5ef881bdbac3ff865d6f97249b0aa4bbc,5,14
505fea7b24ccbd0e28b51099a1e89ee317605916,1,12
5066b74051c3f9ac880db30439338aaa8fb1c7fc,1,8
50708257bf26f0b517a6fa6acaa444d13f6006fc,6,6
50779b692cc73e3ba24df84db11b8e2bbb062591,6,7
5087b52a3ea36e6b24f13b867546d94cac05b299,15,4
508e0627871ed482bd8ab34544e43e5d856a889c,22,4
50efa6979b217c6f12b5fa0990d669c499e6d2b6,14,6
50f17ae2d9048b293cc969aa8668b365f9773f1b,22,4
50fd8f5bcd24b3b8ba8c450de77819037cfd6583,63,6
51501acd2a7cda8d6f25524e34d6e3dd3c6088ee,4,12
5160b3f7714c45d60c100dd658c543831e390713,5,5
52011a00e43fa9e527dd0b121ddd133547981b24,54,5
5217ebf6230ffeecc7da9c9043cd1e484c78509b,7,6
52292d33bf302f4cc04f07ef928db72b2736c06d,4,11
5235e36e00b0e927e6ce9f6f771ef92915857989,22,4
529d7e5b25e40c18bb7ea49be0963ed7f3e288ea,38,5
52d6dd781d58e55171ace76bdfffe7181f5a916e,15,4
52f3954a2463ca97c884b6ad6d89f8fcc91696b0,41,8
530d2bc8c65a9815a0b2c7dcfc98866f760b433c,63,7
533bff0c4073c53de80f7b88a1ecda9ac3878893,41,2
536602cb1404169f62436284f9cdba1a7b21c7ae,93,6
5389d34e45392c6d5e8596d686b06d853e1ed696,3,8
53b56263b633c2be1e87243fd37356c924eb9a4e,45,5
541270fc6468b9399001ee5a8bfa0cd380e1db60,22,3
549b4b9f5408631f8a062a6a3b71c496646ee0fb,38,5
54d144dbc7891709d9bac5db5ee19a761a768c1f,14,1
5504396737eadc63295f751ebf765c22b35b23db,6,4
55095065546685ff2d583779d38978a2c0132ccc,55,5
55664bd6d6073e97a98788e3f319eb36662f29f8,13,12
55ef1cb9ba9a618396f8f82aefdc261d00864381,38,5
5612b36a1b2a4d596254bc506f503c7c94f82950,99,1
56925a416739348e2099293f2c91fd7c6c186d99,9,9
56a326e7e14e72020e3e0ca3f329baebc245b3f1,67,3
56b3554a4a43514e497a667b0efee344df2ed21c,28,20
56df019984fc7a155fc18b5c4ecd2f52c497693e,13,7
573b114e6e803fdee6f8c4dec2edd8fd37bbecc0,9,7
57421dc59c1514a7edc7708657e57a6439e88585,27,13
5776c4c0f98d7aadc199a8f60beab826403cf54b,34,6
57a3b9aacc40db600c87c8b2cf110418021388d1,27,12
57a668ff1e3df5afc4e593bbbbc39e9eae0a940c,118,6
57b547211651511366a63249605b9b9f4a9c3e9c,4,12
5822ad8b0277c775adf78b39385d63e7878b1069,118,5
582e4849c0e5208206789a186892a4f7ce9c11f9,34,6
5832a6cbeea8c9e6efb82a284e135cc58f201920,31,10
58616da3cef2b76fe70a90919a689b8f38ce0030,91,6
58a95bac37747ee4fd0e321770a89477f49492a3,31,12
58ab0634383006fc63de206822832e26d4c06c3f,48,6
58dfdda4538b55efcc287512b508d9fa2638028d,39,14
58f61331a385caeed17baaf54abea308426d50fe,14,5
597484c12788a0febfb255aabf5f08df62469313,3,3
598a40125a414f949647ee201ecbe39553bedb6a,43,1
598ab55ef7a383e76268b59d877afbc86fff2178,5,15
598ceb16f7935dd1dada8de4441690df8cdc9e29,55,5
59b2a9ae92876d8ce54309fe82bb92d7cffbc794,48,4
59ee572da4b7c6d711c46542482cc65bdee55648,113,1
59f38d3a08147f85dd15c761489d7e3753cb585d,15,4
5a3141c7f984f3d6c41f632f6fb689378267bd51,101,5
5a5c99822d76f4f6f1f90521f4c1f1d5e53590a1,33,4
5a70a8f9f1dac45c7332db8230f0a8a77208507b,4,10
5a7424ce2a160cc7bcb097b51942e1e1ce68ddb1,39,15
5a855637085d9d212518c84446e98888f0667f2e,7,6
5af239a466d0a8e17a8daf66709fded23576c37d,5,11
5b023883ac089df249ef06f7c8c4398f37e1c55d,22,3
5b0ac0ebdcb3aaed7a9a3aa2f9c11919ccce9555,4,9
5b30abfc32d4c33257f7cd949641935527dd4a42,54,6
5b49681d3b05fba0fa5978673a6d871011186bce,101,6
5b49ef6e8a438750ee1aa79f7ef846fcb7ca2005,1,9
5b7541b552024e94b0be876cdb63b69cf3f829d1,63,6
5b8aca58cb2c7cbcbb8918f50669eb821d5a7fad,10,5
5baedd7fbc5ed01efdd5a078f7b3809491ac1722,39,14
5c67cd01bb445f9b80d30f2c551d0d42776898fe,22,3
5c8d3dd9026554402b67ab061544d47532898f6f,4,12
5ca41a01a0d23780fcc2f122f7303701eb991a4e,13,13
5cc1caec2eb0968d6d30a6f95dd41d04e80c3f2c,113,1
5d2a4450b9548913c0ae383640f67de8ca10edad,91,7
5d7aa061832e40bec792c52ef42de898a5045a1b,7,5
5dc71a85b12614f2b7b995f3b9482d48f8e289e4,91,5
5e030103a9bd01aba1285730aa1bce7cc90f7bf4,5,16
5e092e334855a0d8739d53c39798bb26f3376959,101,6
5e3ff61182b7e63c5f353b54a15e95069e670f10,4,9
5e4d0a4d83e5724fd92e13da6474090be3593639,10,6
5e5064a233c1402d302af4de9a442f32c934da4f,39,17
5e6c70b4de90c2415359c22c351d8b827d22886c,27,17
5e854d8ecfe5f767abb76d3ce56b6bcf495047eb,93,6
5ea5bb39e36dd3e81ece42b2d6e19d0ed5150740,48,5
5ebe95d992ea2c39c13123c6174d22b6945291bb,14,5
5ed610bb14c3c7ebe34cf855871da13009ddf3f0,1,8
5ed8bcf8dcd1652c4a4bd0fc8197aaa54fca572b,4,11
5eebebef2194643799de3dbdbb098cffa856d37d,55,5
5eecd9dc3fe216cd45a2194e5f1a1d472a3fec56,54,7
5f8dfe6855d546a89ee51fdc47f1e3a135f1edf8,54,7
5faefa46d05d32e90b97c1cc9260bacd6c2f45de,1,10
5fbcd4642d21aaa8ade10f9e23e70012e2b4afe0,34,5
603ee97d90e36481c0c5a1cca5279c3aacfe91c6,4,8
605308a2fcb585adb29bd7cc4dc153faa8ab9702,33,4
60559a031815bb92037cb31299fdb443227a4e06,9,12
60c257442a0ef9aa6eb039f58c40be980bfe58b7,31,8
60cfc94f336b294be80a5215fcd8f9a8099011a2,13,12
60da060bd0084795a07f5e69e6884f7870822cf6,15,4
61291814d7295814cfccb336e38a08ceb9c7aba9,4,7
6154c47df672f6768571f878e472ff2808274cda,7,5
616bff7fefe77a5e5618f600b39cc1002b71867c,4,11
6199c36a1e584c7a1d0d4d20a1d98f19f9d05785,1,10
61c0c30e1af44a3ad57880bfab7a88591a434b92,38,4
61e1c151f6a90ea5a2f33930ed70e5a9f39b681f,101,7
62762af72b006f671d4b9efe867e66312408723f,27,7
6288d80ce9cf4d608eb41dc28dba194b1851dec5,118,5
629ae2687f58e75ac2bebadf8adb71b3fdbd7c11,14,5
62b127e475e6cafbc1906e6fa5cae8d7b4da3ceb,15,5
62b816d8d256303699a90dcb83b99804366a17bf,10,6
62bc28e18de640d9831303f80a4e44c352fb6170,31,10
62c35ca39326ade9737d75b21c46054e64ab67f9,1,9
62cba18268cc16143359b59ebc94adf65af340a4,3,8
62cf219990f892f13b18fb0ec1f08a2aebdae0ad,118,5
62fc0f9bb12436fd47d1b4750e4f17601ca459d5,5,9
63b684c9976d06a32dbcdc4685592cd713f9121e,9,1
63de421fb8d11a118ae783980d2e204b71e4f2d9,4,10
6405b9839b0179e5307afdb5117992033c2a9cbd,4,11
6434afe6261c6f3f4fdbad511a2db8ef090f8c07,22,3
643e211337d8d4a3d2c12ab4ba804814dd977354,1,9
6451995ad71437eece77b5677b3d5eead3b2d45c,39,14
646c8737a68c560054cc624da19920821d13990f,63,6
6475c391e6ec554f2bbe5a6460e5962a4af5ac65,113,1
647dd6aaab297d6a9328c244eec940904d58293b,15,4
648b6d4b1c95ee18825cb3cdd69c033a10f3633e,101,5
64bb0d71f782349bd0bce3ba44cf9b454bd46cfd,40,4
64c207f458782b92f681bc496f8a6763ac3b99c2,40,5
64d07438f7fbb0b4c2fece774289f09dbdf9de5f,6,5
6501a3dcdb9e3c5904a5820607f6ee354bbe0131,54,7
653de78f41ee12882a2cbc4177fb3c4e5c3eac28,43,1
655f5a83c42ccc83c7c0ac2caa5cd8237e685751,28,18
661f15eb45462975429d17bf60fc64df4cae4431,91,7
665aee398dbb98e56d2f171ef0bee4f6fedeac43,54,5
66735c0721a73fb4dd487e32adafb82c6016e6ea,10,7
66740228a725504db879896a9c28c03676fef710,44,7
66caffe338b5140bd8ac35fd0000f867266bd08a,33,4
66f103845d668685765328530c0aa2d71a0ce0d4,113,1
67118839ce79eab31a505fa22d378ff420ce006d,91,5
67212308d026508fd5b6942ffbbdd7b0be2e89de,99,1
6729764776215a0456ef5332c5168b4db29314b4,33,4
673ca800a97efc5b14397e331006ebe67258bf1d,113,1
67b7c9f4a952be9c0f4759e1991d86a3e1fbbe58,15,2
67d64015616b9e7f49e213890b7b93a2f8796f07,28,21
67f697ac574661dca982dcd95ba358bde5b48a8e,38,4
6881032aa20fa792984ffb15d6b043b4228c1070,63,7
68c8fbedb26cd1376389edb04626dbeb90a065a0,1,9
68f0e46e53ed6791407294aa4e797d7d17a2b677,44,6
692e213a160245cc3c07bc300b6ada19b15089e4,4,8
692e3639f044b1dedc30d8b3a870bbe922a675fb,4,10
6941ef044510999dfc8a269ea9255f7b93505147,1,13
694d92685feec07c62b8aa4ccb73b39390f88515,67,7
697092af2e2891b76d0890069566c03468f975c0,55,5
6976ed8694419b21b0f2302b6d9db629ce0412e5,67,6
6978f24f45757e6d0c3a352bf35d073d14b46c6a,48,6
69826691e86b5085226acbcace467f656b83880e,4,11
6988cfcd0c8de2ee3ceb97a74aec90558ff0e26a,31,11
69b200a293efc47d832e89333a4adff338261538,39,13
69c377ef0f1c724f59024bd4c2a7fa5d36e50432,101,5
69eda57c9ffdf6f26c5dda66863ef865d07195d2,1,11
6a24473bc7b7d3e0a711d9195d9f792a24352436,1,9
6a321021dc357c030017f099c3d1b430bb0d1b65,54,5
6a535ac087403316d625c2ed4d5108d7d2d21edb,4,11
6aea2ab4cff49df8f384b81558264c1390a8cf06,118,5
6b05f3073cf136c387ede39d4e605eefa19a4886,28,14
6b1996be827950638657d6f5a23f4ab8a5a13be5,4,10
6b8a39007e56cacf54e6520da942fdb70d8d588e,4,10
6bdbd12c28f576e6dc4242177fbf9829e65c4726,28,9
6bdf2586c97f0954e728ef8a9ac5248d4c8270c1,10,6
6c374b4a75105783a809e8b6ba468da3200d0c1a,40,4
6c468e0d90bf790fd74609738544edd3f0e5c74c,4,11
6cbee42bf7c6251711a38683e4e1d6b15533f5a5,63,6
6cd8d19ff2089fdfa9cdcd521a40b1e247c17cd1,31,10
6cecf8c09c3c7ca888a6e3fc2ede03a820c9c82b,15,4
6d7ea5662a0aadc0fee9f82c02aa5e54da77f277,10,4
6dc988c0cbd4f0ba3d2217d8b84911b6a8d81c47,9,1
6dda317baa40f25506c299715efce489b916e52d,63,7
6dff6f1ca71378339e605de17936cff49dca5486,5,12
6e849b2924dd2fc0a7efc8ef0a5f614ce2409b4f,48,5
6ec34c1674a54a0b43f8bc4570e2188a4937da15,41,7
6eca9c1b4a046e9ceb3db39e478ccaa393117c3f,34,5
6eef887d0fd74edee1667f50dce5b41efbe0a180,118,6
6f52fb961b947325347f9303798fa6066967e407,31,11
6f5b8f8813e31d5f85f814585ee37e835a6c766b,7,5
6f99a507851fb9a8ae9776ede538789cae61a22a,44,7
6f9c45656b2c3a8cd9c394c878d0ec7d738be090,4,11
6fa8cdf96032a061ee3b601ee76a28dce25f4735,54,7
6fc4ddeb8a68d05ed8084b0d59d038f3649c10d9,91,6
6fda7242d55963e0014a8741b5fdd1bd4c34019f,45,9
701f03bc7072ef7b0114a4769bc8955e5e5c9af2,6,5
70442b24f09aaf25882d54ff0ec72738c00a41df,43,1
70586c4437f01c7ae612aa151f53958ac10a412e,28,20
705c7f16ba723569db2002204ff748355ef80e75,54,4
70b721dc3c7f45470e2eee858547f0546801327b,4,11
70cd793e026c0616c0a8186a1f2c5fa6d8816b49,4,10
710b29019a8c45dfca3eec6a5a92b7d3bfc06cb9,27,10
7121c17a0f6576cafa8c7c029158ad3a81873411,4,10
713487f0de26590bca3c759e2fef02b3a5bad9fd,113,1
713e625391a72ed8f0780919b1c3e45af56ff94b,91,6
7171736c863d464860b4e3f674d78a101f12de4d,45,9
7186e8a3fb8c0322eee7e354ed8f1669885f6774,4,5
71c2d42bc4f81d5dcabf57d19f862a3b781ebbbf,48,5
720ce5dcaede4e84cbbe7874961853e416f0d2a2,4,11
7277ea28c0232720e23ee3ba0dcbb84a273aa53c,1,11
72a34636b5a1de1c3796e43d5abc564b4d0803e7,22,4
72d8b05bb5beafe074185bec53d1c5338009a0cf,27,9
72ea15c6a9c0f4f176da99e9dfd445b347c2e219,28,18
72ebebdb431cf5dbd216ed0c16660f40a963b082,31,10
7316452530dd2fb2eb68d1fffeebef98bb730ae0,10,7
7323f16fa1027607f3f63cedb1cf2fea83dfcf76,1,10
73351e7d3ace1ea88b52e895d6fccc2f2bee88f3,27,12
7341e1b59de6c74569853631605d1dc2d2da2e0a,4,2
737dd3b5a70f36e8bb79f4c5cf86c7ccfb1e7d55,38,2
739d06c41287f6661d2c1879f42b56d45454e815,4,3
73a272eb71cab822302a981b1748230c3ec8b8ef,54,7
73af3f8e00b50a4444bbbb431c83075dfde4cbd6,113,1
73c38d8466f153b974c09c066d1469f63b856d07,38,6
73c938c3db512a2d6b136fa924a8ed2e608b7790,63,6
73ec1e02101d9e26fb75fe8580eec218d09ba78b,22,1
73ffb966a8305f3cc46f3447459b4224128cd53b,33,4
74381df8a16f12280ebd12d45f8fff4fbcbcc4c8,28,20
746be138d650a2627e814da73cf09cfbf3127bd4,118,1
7480543e3bc777391a4c3f06cb1c03920f6fa2a4,14,5
7494b38c6d82b590c4afa6cc975f583f51395177,22,4
749e9b42869140690bb32bb198ccab1f899cc36c,33,4
74ca49651c685988e265884821dcfe0961a1ebdf,43,1
759ad13a7de3fc28a9ab95c56d2845442528e907,15,6
75aa1fd61921d68f59be09d2146a4b2b9442f41f,34,5
75b4f05700440a54255124cf44b8ca0d4252df85,31,12
75c2aec59b46e4c6745540c0af596b8cc6db5cb5,5,11
75ef6c3aff156ef52aa846c2fc3b26271e50e335,38,4
761459daa69061bdf66d850ebf8877f0c84e48ae,99,1
76578f23a12fae71dcf7aff5aa48a7ace122f5f2,1,9
766fb145487f13f1cbb3fae79c2345c8786c1542,4,11
769df9fad97e6d153e170a9ec41e33e8410f4b6b,54,6
76a99a326da360af0510be654283819bb4717d9a,67,11
76adaa79b0d19f7d32da3bf027c2b4fb995952ec,1,11
76cd92b2caf3ba3f11f97bcf4e037fae81122578,55,5
76f5d35cd62f4c2d48632c8b82a04bed0e161226,4,10
77051baba74aab402905de65e8e0bf18e2907ca8,1,9
771f7a4ff0b16239a5f4a828485e057bd3069308,13,13
77454c216b4f9b1e291fea17f31a824ef4d0a4a6,31,9
77f0f8d9b0f3d59cd0bb01ae985a5ada6fc14dc1,31,10
7808a1989290cbf25b57bd60e74c56662eeba656,34,5
78269c872dcec789b204623749f7d1bae813fe49,99,1
7855b4de6d964e1f7477a3a40d384de9f4602f49,27,16
785b27857468f61bde60ab25c5509e8ed38155d7,101,6
787ac9013d322ae24dda40f918c05f9fe47601ca,113,1
78ca432228d8679112c09d9b3d50491c5539681a,113,1
78d8860538c6853a9c13a0c232dadcfa0d516f08,39,15
78ede02e6c03a1eb32ff3f464f4f7ae3e6510766,39,12
791e60a07f6b6776d54f791791828b1895c9b670,44,5
7953012ece7e7f5c184ec3ce99de925dc01c46ef,7,5
797a55490bd05c98e9b604b19c3ab90125c9431b,10,6
797c7c555f32a47816ca7f0c017002a2131c132a,38,4
7985b1dc9dd0dab814afa417245073d1d74f85ea,40,4
798e6393c36bd3b6dc0a9f97de7d4c87a6e5b252,22,2
79a8ea0acc62c00cbe9e6899917fdd233232ee12,101,5
79c48e970f8b0e7a0e074bf7f0a3f201737dde3c,1,9
79f071f88a5c4c3bd278b93f9f622e90e15a10f0,113,1
79fb09750bdb85310622bf240e1060ef8de8bce1,38,3
7a0e5d245539a1b2906358ad255a4375f914d37c,15,5
7a7bd043dfb44f7b90dcb37b669e89afcd79d234,55,5
7adf3466bea259fdaa24fa131ca2c4d63e9a59e6,44,7
7adf5597380b3d9048a47387095d5342a24c07da,41,7
7b27fcdea3732f654b3a3cb4ee1517e8203645a2,9,9
7b3d30b5f05d1acd3bd4979bd8e18efaafdcbc62,118,5
7b6c995004d7267af856efa19b12c7455bccdbd8,4,9
7b7d0625e7d073af7c6fa7c1df5ca43ab1232aba,99,1
7bb8bff124f651711732b84262474e1acba69082,91,6
7cac45d03854038e6854f5b1843cd491021f94bd,44,6
7d111d42f139f151fc24ddcd89c3064467ebceb8,27,12
7d9accfb703fb86e2d5f39929309e7f273b46c79,45,2
7dc6bcdd4ba4cc84cdbf70b50cb26a72cec3db1e,27,16
7dee913006479ffaff17ebed5a0b172112a0e115,9,9
7df2a39d7e572a525fc26d9633039d83b900ed61,33,5
7e4e1a800af30eb9922c09f9d751b0873e0dc467,10,6
7e585ba8095284ba4d7f920b37ee3e76ab6caa4c,118,4
7e783577c8297bd74f8f12a2d4787f9cdfdfee02,93,5
7ee4cfff4c6cd84aa82b14208a75df86bcff9fba,14,8
7eeef145cb4a17be79b2251b164bcaf5d15a4995,24,5
7f2bf222342aac2992fe15f12039b9f7123524c6,101,5
7f5f84b208b2889ece946b277eaca95d838072bd,31,11
7f8b72d92d190113dbc807befe9e8033ecdda75f,31,12
7faa61077b62629df7a5b7c828f98b2337a2dfdb,31,9
80212c0b606f5dcba043483a07f677a5455c3901,45,8
802b44166f1c38ec00397c57abdf65b7596b9f0e,27,9
806b5e171e5cd80e62cc28bc7fb644f6b50399de,45,7
80a1456c85989c36b524eb16f1afdfa2c5480121,1,10
80c6f8b8c212e86aac90ea06ba6dff1bad8b5541,63,6
80cb3c3cef8030674baa141475951b20ae73089a,15,5
80dd54e80df2e8833ebb3927fd55a514dcfe637d,15,4
80fc80505e08153a938e34945ea74064467c5e12,27,5
8142efda300bc5bd5a3368d957f2904fb41a6062,9,4
816aa6a9aceb1014260977a52d4ad600065ed4d2,33,4
816dc441871b06aa3616402b7d2635c5b77f3d8f,93,6
81f9930593d1612075b0a4831e1219e9ebbe5aac,93,6
81fbb8b81316a0ddabd7838b1b9ecfaee762f70f,118,6
81fcf2e137c8587b8663ffec7ba1d8184be705b7,4,8
820104bdd2c9a722be349ae3a23eb42926eac969,15,3
825e4001677d8644d6df773aea2f924c45d47318,101,6
82ab2a968469bfa6a3dd02ca619f80a440ff3b98,9,2
82edc69e489959e8b7453b8e3c89c11f2e3e4830,4,10
82f9404672305675b631cad221087429c078b8ea,1,7
8319f9e5000e715c176f1de5d0e33da0b25481f3,5,13
835496e3328ccd7ac2ffed3867840e1dce5da83f,27,18
83c0d2f69c3628797f0d6f343c4cd6276dc9d15e,5,12
83d335d59714648643c6ca68c522a9a37bc9d8ae,34,6
83e22c7d80399e360122a5d33f26844b8c04a6af,45,6
83e4ca230ab9b35d221d09d335850af44966b772,99,1
840d07858c03f80f4695056e2cc7d0c474b83a25,91,6
844f5db2e7e31ae51eba025480679ed7e4708ac6,28,17
845acd04a77b3d1b623f255d9f9f8eae90892dab,27,8
8460eaaf887a6289fb156f7562fb739ba8e9629e,31,12
8481a7f00c3d30473b01a8a3cff2564948d24902,4,4
84a17972cc6d29489bbe205a9e7feb8745726fbc,54,6
84b6b2d70924066c8345f2bc2281791ae3188da2,41,7
851d9a4b9b8e236f2d62282ddf06fae57b7d9492,5,12
8531dba6dd1818a4e3f3ba5e355e1e5ea9276afe,39,13
8554d1155712da4bc72ec5921db3227311265359,4,11
8576d2d269326a29503a1763996227723fa531a7,1,11
85838695003ef753ce13327655b84defa54d6eae,54,7
859c3b6fce7256abf5acfef957e6c04134c01e4b,40,6
85bebedd9d4605ff6823f6f25c761e64a588bf22,44,7
85bf028205803eb9b1e5494c540ddd2938606606,91,7
861075bc29124627aacce66a29c6dd835abcf3be,22,4
8674a295a4ae610ccd77b60cbaa692db6a875761,3,10
86a7e49131f2acbd350c4b0b9a2243838bd4e122,10,6
86adc493a1cc74328222a194a1d1e3adf098b5c8,67,5
86d9a98ab0225d2c2faf6d51fe3b9fad194c3ce3,63,4
87322721181928972ce2b67242f61ff23275f3dd,31,10
875e48fd13e52a01a4d48d745d72128f25b9ec81,67,9
87752697bce404c9b410be71a45e76f3c7fc9392,40,4
87b3a5eca0c70c7828168756cd7813cc8b3285bd,101,5
87ce4212940578f8ab9aaab4616b104ab515d4e9,7,7
87e4a8d6efab19e147f510e9b5d10c0d0ff5845e,9,3
88003ba023714648c4312658ad9a4b3703e56de0,45,1
88188301e8d3565c7f1e2cee1f9ab8794676216a,27,14
8819c6723e6d42ad569274ebe2ce4212fd8621c4,27,12
884afc60bb87e1f0d85311221487273fc5d13d13,15,4
8866a6da23ad8a2abfb243905e0b5e2c98e366bc,24,5
88a694a270a460f5a09e1e8c569b036d03b9b5ea,67,9
892240639d1170ec0f4bb6248ba3e9bd390ed089,14,5
89521736c16fbbd86315c3f3c555132aee8896ae,63,4
8960e95f79cd20b46b7e8fd09d0aa88015566a9a,14,9
8968e2c95fd09b05d48b4b094529d54d06bf6da5,15,5
899bf68f741b96e69c8b1d6bf22fd86e00b7c00f,34,6
89b7eb7ce1dccd4f6a7eb59017ac455cf1e57766,10,7
89cc639060f3d63cf21d893882e544497e32aeea,38,5
89cd14d1bb26c559102e9080a85ffa977cde7fda,15,4
89d4e10b3c250c027e108d10ebc00bda239e7e39,1,6
89fe8b96c04597a0fb63dca3a86e5f36e7580940,67,5
8a97d52d61d704e77f82fd7f1161d98054f48f25,41,7
8ab396fa5981adcdc777254c57ea744f1fd4cd2c,99,1
8aea6c59a11267f4143312770b4c84a2be56f353,24,5
8b158f3040b574b6d08148e24946fba8bbdc29ca,40,4
8b2735093e532de21b7aabee43b9c76278bdd5cb,54,7
8b3f8cb80815c489e6278cfc1a371b3bee3f6e1e,24,5
8b43c7696dc13421431102cb4385363ee33513e0,6,7
8b557374000feae5ac9aee7b4078bfea53176ffc,15,4
8b65dcf807a9de0c95c0896919da04523176fab8,3,6
8beffc1494bb81af08c352aea875a183e45bd824,27,15
8bf27a767fce0a5fb359059183d06e01d62dca8c,91,6
8c5d6de5fca9e769de9676c911d9e082ec1a9fb4,27,2
8c6976c873d2ab3f4af9188a4189c46a032a53d5,31,9
8cf96ad1e77c722694ef03a06a781d61d632f2c0,4,10
8d0a196c1c472a4601384f4235f293c4a341b3a9,55,5
8d14518288c33c098206996aab23c31b3eefc864,38,4
8d65a433657534866907ca34885953c36951db06,55,5
8d811d7887c2c868b631a2bd296412bde2b49bae,10,6
8d9b19c2ff7d630d2d48932f3c1d35aaa97ad51f,67,9
8dada7632816cb20f182c306ae74184ea9e056fb,27,10
8e20affd5aca29391f582b7dd756c83205297c11,4,11
8e3a076971fce919b1a5a0bc62dcef86264a1c24,1,10
8e5fc3c13f17c0502fe3f0a8404b461b46183f8a,34,8
8ee77ba42fdd6aff7a9eaa84d70064c4cb39cdc2,22,4
8ee958ba68793684a9962e1b60847d7b73d7c9d1,63,6
8ef999ab1a83c2760064ac6c7a4b6c4115c5a186,9,10
8ef9f17bb904f437ec0a9849d820ed0f86843517,9,7
8f19ffb508b23f955b93ebd99153f8ec99025785,40,4
8f7402db46b9b2a95aaa8282be9e471a3ee659ba,45,7
8fa7abd9421e396273c3571b177340434fc132f6,10,4
8fdb7157f90753735edf97fcc828b75e6a8042d6,101,5
9038ddd6c0d498cb8c65b4510e99e8527eabd40c,28,19
9081ee605de7c5e739569f3f829cba953cb918f4,101,5
908365770c09838aa1bc1874bf3915779910e775,41,9
908ccf9bf5e0e7ab597a09fa19d91b1a5563b43b,93,6
909386947a62f62c8b94ddde0b623b87c01e2524,9,3
90d54808ce52c41418550421c387818cae759dec,9,9
911315669fafba0a06cdbf08da7cff7e81f49759,43,1
911daa5a6058823b007274f35ba038da7ec89a11,31,10
911f5eafac3def56e71836d495b740cd059edbcf,4,11
913eb5b320c3f4b475e8064303960997b0dd7a9f,91,6
9167062812b68b140da9de7f824ec6131ef31a01,4,9
917f1aba835e5d7e79fc124c1d7a3c8c2588cf8b,41,8
91ccfc470d803af51ecbb91da39db5592e3a3324,28,19
91eb4058d0937eb5499d0f6b2a8dbae6f47eddf9,101,3
91f7019ee1831ead0e667cf264dfe7be6b743f3f,67,9
920523a6f06947927c3d1b9c2c902fae6eb740a1,7,6
921b990c548efb5620585b0fe3049ed43dfda903,1,8
92213400df98f5441533511526206328cdde4159,9,6
927008a1eb1983b52fe269b504f398ca185603c3,33,4
9272bf390ef4a8e31a5285c14ec721495414c53a,5,13
92828f67b16f5e96ddb0d436aaa6f1193104c037,63,6
92a1cd997867a6115b3d079903e63aba8dd214cf,13,14
92cea32d04d98c66af1c1366fe9811047a9b1cea,4,12
92de4c1319bb3b07781b63801e4599302764dc5f,1,8
92e2b243f8ca7bf1ce773bedf8205980f034ff05,3,8
92f51b59f25a16e76b18441fbe797a2fa2a5d3b5,4,11
934776ec5bd2147907362602555bd692fc56aab9,4,11
93635a4013ec683f217cad90ca4e41aa557c3922,38,1
93bda77bd8d32e4fa1a0549b76f807fbc22f1f7f,101,5
943f8910b7d79d76726a7c50a996a39a00fb033b,33,4
945546f9d4db4b9599e57ffd4271193406f0d96b,40,4
947a2e7cf57ae1a546f98831d861cd87c4fd5ff5,15,5
948fbf59cd52083820e8e1682a5bc2a34793997a,67,10
94ec21d59f07c2091e0359a0085fa6c569ed30c4,10,6
950671c7855e25bf4a8330768cabc430bee030c9,27,8
951b5bb9ecd6593cecd2bd72fdf62a0785bd3b3b,27,16
952c0daa0b72620df1288d516f0a2abeb5b3986d,24,4
952e48fc51ee7afbd972a8305c2f22a80ce9ce92,9,3
95c2c72faa0bcedf9452be96511b7ab488754e77,27,11
96013c7ce1186c9a18f5127959bb867243b1b9f2,9,8
962de82430c78164a7c1cceffdfe31dd0f3c3cd3,55,5
96d8f7656a57c4a757129d95863a463358a0c3ca,93,6
96ded661b95e3d4d3cf1c8d45aeae3b335224583,1,11
970dc7689a54be2108e10cf65af78d85288b64e9,28,19
97469bc8eac2e4fd57266fa9821a50561a4d8473,99,1
97983f3249349cfcb409b75d5f53e5cbab2bfa5a,34,7
979ddec134899a31461a05d820b9d6cad713715b,54,6
980a5ef7011a98b8fa55e5ac3d7ebce6f7784286,55,5
980f92c1ca3d1d662e790e884a1bafb6785dfe45,4,10
9843de5b71377fd3392db81e3178e11bbe90d95c,54,7
9871e11a3a4574e6b565733fe3e565f13d670744,44,7
987888aba1d68d84a51fcfef4131d649024e0aec,113,1
98903e3bc03971360097ad809526370f701ef5f7,4,10
98cafa82b3e7f1a3a179c62509778cf9290ca87c,15,4
9906fd2917a481b373848f6d084228f34ace63a4,45,5
99103791231143dd15aa77f2aeb87b2cd4a1c22e,27,5
9938999e257ea21c657f6c63ff386937544987aa,54,7
994f5b5cdc8a126efbb290700caf797948ac1841,24,6
99751d158308f801241e028eb7c6b0363fc6ec88,101,5
9981528e7324f2d92c27f163b5d0424a07f94b67,24,5
99935e2b7f9f41bd823ece5418896aaf72e223fc,67,6
999704c760821f39257d453f58ae57cdc5db7cee,9,9
9a20834c7ddbbf82eff849ff8e4f321b856970de,1,8
9a31bbe1021725b074357ae4668bed6eb7e46bc1,4,8
9a5d7462df7a85794cd0d7d2c510ebf725d2e13d,99,1
9a6d7a470aab3fb51ab58261637c58c239ad804f,5,14
9a7c94325cf12595e72895187822c354cd8ef458,55,5
9a8ad4a46036cc65da3ce25da0a1b9e70f979655,31,4
9aace874af47927645c48f21ffeb82f8e15f24e1,67,10
9b0622ca034d946055f8590f554fde632487742f,5,14
9b4fd6bc9be128b294d3a8590bb6a146bc503902,63,5
9b536900fbffe20f4db747af055dec68b3ddb6ab,113,1
9b6d776d82bca421eb10bc4a1f5f866af7fc2a3d,1,10
9b788cef19b68860b4cba1f072cfc4744e6610b7,45,2
9b9216e586500b4d619e331890d3745eea1176b0,10,7
9bbf52d74e4300842b27973d5e1d65a74c54c1b9,5,5
9bc8e6286b7a331de79c4c4e868b806c0b3bb12a,5,15
9c03af1da21c500de8e0a1be24e3c22d341961ca,113,1
9c4e901d499220d23e819ffe0156ef62c7bcfdbc,45,8
9c59b505cc82ae66d54df9629666137c9527e56d,63,6
9c8c8ca8e36d83954ecf380f84b01759c8363df6,45,8
9cb2a2853cd6c58a9b7d07a87ef3138c3cf723b8,28,18
9cf17df2214b19cf4cd63df22b802afde8cb98eb,113,1
9cf5d1c0d7ddfd6b78c222e83894ca3a75ee47f2,101,6
9d053bdf589efd451ff25e1977e438b11122e0fa,43,2
9d12b920015fc145b62c73ca689e71a362e33b35,4,6
9d46769291771df99e8061cc9c5d79aacb087210,15,4
9d549d02a71100ae95cf02deb371138097549edc,4,10
9d69c1d50467997289ee1396002cd197883a2b74,33,1
9d789185f1d5fb7bd42acd9d6dc1f5380fef1c4c,113,1
9d91374d67624389dacb4b429b8fa8c18442b29c,6,7
9db80a153d642e12571588fd68473c6e307195df,4,11
9de51c3306c206bfeaf41f4aafc8526300a9f103,43,1
9deeecfc873e74ca5ef8b27fb6b22bf7a536ab86,91,5
9e0457ac0f2824c5e725d83bdeee91ed078343b4,7,8
9e1f7de0fe95b78cc2236adb52b0420b382b40c3,44,7
9e4c480f54169dd91629ec30917139f2b16bf6b3,4,11
9ec1ac8c3d812703485bee8d58b2a81f4edc8754,55,5
9ec591a707f8d7eaaa8b43b6faa23292511ffef3,4,9
9eef5b76500d606c0ace08b9cd3ee9403e9e9664,99,1
9f605b4802c811805adc38ae19035ded09a5e4b5,3,7
9f8f3fbc1f6d3f36859a33054203c55d028c6e65,4,9
a05a86b21a7d5922fed8c50f36d307ed7a8cc70b,93,6
a05ee87ddc674ddf01518fe125eaeec0820ea53e,31,9
a07cb417ba30c0e4d8cc3831f093740ece8be01d,67,8
a0ec1fa9ef85571c363b1ff524a7bccd583b0ee2,55,5
a10c5f4ba04fc56032719cc84184c0ad5b5f8446,5,10
a11fcd52b2df310a3f3bf8e0561a2c587005e96d,67,6
a130e19ad47a6849ba0261a7a81a8d9bb93f3a7a,54,6
a18783b2a14d61192a1b97ce3daca9e67cb8cd59,34,8
a1b60c404f7df8f6f2695982048cac298567b821,33,4
a1d026f103e45011fefbfd9ddc32eedf16edd5f8,91,6
a211065a6e065d2421b924d4e9314f1026611aa2,22,4
a22a58c5be8aa2c2700619e37f2b7a6e4efa7e6b,31,11
a244f431e70a9d4c780ac6914b564d98c04ac7ff,10,5
a24729ea6c4aab24a9d6dc73513113e8b8fcf35c,34,6
a274dc9836c18bf295e9e81afecbdd72825ea79c,5,5
a30f91cf4dd6e15b62a675de5087a6db82d61f51,1,10
a3748712b8685edb49cf966b7e662e1647503013,113,1
a3c251eb71ac7769282f383672f19d3cf66f1b04,55,6
a40402ff4c87721e74766e6751bb458653b3e686,67,2
a4a81c655f21aac65297532528cba5a28e8f5ab1,4,11
a50e88cb6830931dd1271dfc49b3497d63bd436b,10,6
a52c67c0bc1c6ae7da7c6e4d38cc7ac5a869ed39,44,8
a576ed0ff4b19b2c864b2c489227a491ac670b84,45,3
a57d3a31b965e00aa208f4d499c0b3637f759838,6,6
a57e6a1dc883554789ef6049be9b51530a7aa207,93,6
a593667aa30cd094ca66d70dbb5ee98fc64d38f0,1,5
a5aef107fcfe6b7323ead96aed8ef74a69efe042,31,11
a5b034cb2c29d312a2e5475da6174e196cfc3c1b,31,11
a5f22a73b7cb93619da1f3cbc56febec52b1c16e,24,5
a5fbdd306fbe3003283cf2cb7ae4c371c9693290,5,10
a60f543d315ec120d2f433cdccc19342c9c3be02,93,6
a62742a35ef9194f7da07e547fe13f99bb6257bd,9,2
a632e2659eb116c7514dd825ffaa8939365c71e2,45,8
a65549b33ec5839c95aa1e9c2e50f74685ad7cc5,38,3
a688299300a50fed79edb502fb02fc503a564308,4,10
a6bd1b3de6ceb8be610c33e3a0e4a89350700984,10,4
a6f3201e19df0a0fdf0a3d878d6a8d2e50eefc70,38,5
a727c00002127704e5ae41a4a08948dc43b4aefc,34,6
a7442b91887824d182c90cd82955b97a1404dc21,5,9
a74f9942a4bf89bc51a259bdd7f5427f1ccc82f8,4,12
a75958bf7ddea02d2c0d5a300c83abfe240f3552,39,17
a76e1891c401fc5f73f6942768488b1487533472,31,10
a7e953186fda9e7bf8368e2d00a19d024f7db5c8,48,6
a819175c8808635fda7c3854536f82d90a7b31cf,91,6
a832f98e370c27f9fbc8e0caec05700a96e89a4e,4,7
a90b8415afe8507a36e7be7511fd36f1045418b7,48,2
a94238b07de77bffd5189487ac3d56b96db7e09a,63,6
a9947ca4f64f3122a22c7827ae089d48db8fd76d,91,6
a99c3a5ba8f7e25ea61f79dd74cb89d6d8bf8a43,3,7
a99ed97ee0e4d81fc9a8a5a5baaba5407a897b84,22,5
a9ccae25b9a8738fd3ce42dfb0fc5e92ca9b8d7f,5,9
a9da415ddd0567c5995957b2239621158a4521f1,4,11
aa01429991aa756b651364d54b7b28c2bfeb6c3c,6,5
aa1696aba3e93761b292c97c68bb0e06bb2f537d,41,7
aa2166a08738eb1a62d78686cce70fc5572d0607,6,7
aa2288779d4ddfe46b3dcab170577d4f5096ab15,38,1
aa2ad4e1f1035826e6351e1e801eb57c0b494267,54,7
aa8508f6aa7e91da7efc770fc0e04c471463ffeb,14,4
aa8e2b08e043c6d844c28cb004a224615af29e90,31,10
aa953585f60c1f5711c6d5159abbcaafcc89eb77,9,5
aafa3b985fc5f4f1f6dbe50b8edc01713225dd2d,7,6
ab2a1e43f425b67817553405c41c09a9bcb0e9c4,4,11
ab4899d3252b533827ab7d15261b9edb38cf0a7a,4,10
ab4e0b5338de7292c155831c4bd68a740ae6d05f,99,1
ab7c842d24cac25a1a3852cce506ca92cb8ed428,13,10
aba3f0810ff4abb82c285780965735f59dffc070,1,12
abae080e558fbbcf25131d47ef3dbea697548f14,4,11
abf736b0441172883ba772951733e73d557598ab,22,4
ac018ab3a6242492006b3ca1e0c508abd1761538,1,9
ac164aef8492a4d178d0704b602f0522512dd913,14,5
ac6104bfab84b79b7ff1f01c576e2b7442988f38,67,9
ac6522ed2e2b8a808bb80970ccffcb6572183349,3,7
ac7569c6eb788ec3ca408850d164b68f73bb148b,101,5
accf49bc7124b7fdffea9e75a869a597c4e8adce,55,5
ad03c4fb44da8b106e362ef8c65fe2bf34a385d1,63,6
ad3d8c094d5606a8005bb22a4cf910e497a03224,4,9
ad57f4feb3cdcdfbb77d4ccd074d9ca50227661d,24,5
ad77e6368d86e38cbf14a33770ca16b204522863,4,12
adc3882c435a390c34d34279b5528215928944df,27,16
adcfbf9c58d92335f9b971f6a9afd19d9feab214,4,10
add17ba1901ea9804a604aeed6ebe191d784785d,24,5
add21f371c1ade0e82ccdacf7ce016dc151a6968,93,6
add7a23a1b66010154da076a059216a13b90191a,113,1
addfbcc77f77c6c80cc3e55261cec181722e68cb,6,8
adf4cd4036fe7649e15bbc8379f224685017b379,101,4
ae75c8309bea2f4a1b1624ce50d0994d5b4dc451,67,9
ae7e6756887c7c2d0e3d26bb83045d298dcb5ddd,39,15
ae84ba8c1585fe80b8d2cc991a9cc4af2921a2a2,67,10
aeae992591ef4a9423528eb6029301cbd29daff5,99,1
aef76b2d6bbd67cf3aac958965862b263c50d4e6,4,11
af124b723c6d0d777c60479978e8da661b34bc2a,1,10
af12f06588c971f6425a28d61e4511bafff05bb7,5,14
af618fc07f8f8c9e1697d7e8ce5cea9dd4ddee00,41,8
af744dfd0234f2b89d667f962f13cff1b5d0c9e0,4,11
af8cb88c604c245257dfd33607bcb87cd357d3c9,22,4
af99c21153a5cd9289febb0cc7d1f8cbee810621,27,4
afc376cc4bc5460a941a5d21f91d19f159cdf490,41,7
b002ea316ac314e47c6aceffd6583bd300962387,113,1
b03084cbf44b7fc100db518a5ff7ef7e9924c260,54,6
b041f9ef5ab6da232256530cf8e22c31ac99971d,5,15
b0718e2faa64ff947c0ba9e9516616b44c8f4a5d,27,13
b0f303b4bc78b12a467c465db3b050425eadbf64,27,14
b1179b71e93f6ccfe9702cc342e53c5c04d2cf60,4,10
b11bdeda44addd99b9b0cdc016fcd27262b51fdb,10,5
b11c7371190aaf26293afea3ba2146f21205f73f,41,6
b152244728671db447c59ab0796fac9a423e1356,118,5
b1e8855867b91eadecefd05a09f101799008b8c7,63,6
b25340984452108c2928e20f412866a7dbf4646c,4,11
b27862a2f9590331f29ffdc8f3648dec2a7a7d30,22,3
b2a46e3625d075ff330baf8e18019e1af424bc62,31,4
b2b334fbcfc12bdf6bba8dc45aa8ade3ddb746aa,45,6
b2c520e7e4ea03898e0b8204fea068149d5535c8,39,17
b392a38d92631885c3b63500548976ac63518da7,38,4
b3946c98c388b721854634038fbd1820a7ff046d,27,14
b3f68ef83acd623f98f4a03fc633905fb2a5b027,14,6
b459886eb6e03f683c364b338a5c2f4776391dbc,54,7
b45e8d507778dab56f381a681c453cbf4d3b4050,4,10
b4742d304d9cd4891aac3cedf5905676e9fcc9d5,4,12
b51687ca4edcbe2376bc3204617227bceb0a52c0,67,3
b51b95c923fbe5e4f47342faa554cacb44477016,44,3
b52028ddeb0e0289019154f32e763393f83a30a9,44,7
b56069b7f468c9cb3ff1ed8830af52d4e2fe60c0,99,1
b6535907c852434b9243df7a0e65f04d688d049f,63,6
b68533a39390311fdd9ca8baced33145784eb561,27,12
b6cb94c201726bd4e4dcadc007dba2c69933e0c1,34,8
b6de7562a3dfc6522d1d9f86967f5159e3f2f090,44,8
b6e252e4989b3b422d69eae06831ad0bfd396126,27,10
b7047722486e995e27292b5ab1945d72ab5a3708,4,11
b722e6209f2858faf0bf80947cadcbde586bb666,38,3
b7289b3b24fd67017ed82f62a889b4c9a0fb5ba4,6,3
b7297bd49e99532695b6290f29fac82928f9e03d,33,4
b7298b0fe50443a623af9b56792b330c2d052845,24,5
b729f209cdcbb802e5f6f16fd902793131660968,45,7
b72f0fecebc0120609eb4643631055b2e7a31fd7,93,6
b75c5320a2ce606e7c46d1f82723e1e461f37a68,13,12
b7931b60e23916058a5767895b9214dac7a6515e,1,12
b7ea6b3de19afe8e98d52228dfcc3f3027f18891,13,14
b80a4c674f6640d304722f4a92eb9b47345f1258,22,2
b8b78832d415b2137aaa400ec638ca3828510a71,54,6
b8e898c506ad360ead5d4fafe6651fadfed6645a,10,6
b9cfcb9ade5f88679b72a7977c50eaca7170206b,118,5
b9db6bc5ded963759b9a1db58adbaad3314169d6,63,6
ba0b274a12a5891f98da7f012d4c757aeb822917,3,8
ba12c0a2cb367af0467e479c03507c71a805d291,93,6
ba37558e4c84bdb5486d1b3622b0ac7ed3d5222d,67,10
baa9b5294556d31b066df7e0dd8b1b0b1a8bb9f2,31,10
baae1f7bd8567b6f9e220cc863c92124fa71e1fe,28,19
baccf806cbacabe5f3a91ecd093cf36b4db436a6,4,11
badea8134ecf83e912ac6628ec12465e227c1e6a,54,5
badf8b0a0c342afb7e1eecc4fb19feb7ed28e180,4,8
baf05c058d7a427783ab9bde33f38d55ae8ac0cb,31,9
bb603e54f5809d802fec4c70df7b2c29a5125a89,63,6
bb6bcc05d3ef04c14c73ce93dad8c9ea60f5297b,9,1
bb81a7f88631b987cd15c8d539e806ad17a5b664,5,11
bba75421c48ff666a96646bd283072492fc712ea,91,6
bbaeaab91cec9991b4747c8ca3fba0981bf68ad5,4,9
bbb7c8095658b847103c47aa2a4b55440b0e9ffe,63,6
bbf7f2c725fe4c3e0eb56d29707437d1603b1c56,6,7
bc1f0dc5b937d54fa64e44c1e4e0de0e5a4724c1,33,4
bc54069a859b02cf1b00e7ab77d68132f9021c8e,33,4
bc8caaa2729aa0c9179e8d66388586a4a8586f20,1,11
bca16481f37f3534abb04344ef1855b0e56140e3,13,12
bd18fefd95851483c8aab15987fec421f92523fb,40,4
bd53f29596985f567c39329a8f8da5100810f0fd,15,3
bd81b591d06c4a726078a831c11516d6ee27541d,4,11
bd9bd34617afb5bf1f3ff27e575c4df427ac32dc,15,4
bda97a680a69285ab84aefb75abb53676e7f6b55,91,4
bdc3fba009b4d570355de5bfedfb6766746789ce,101,5
bdcfd5ee015db872058dc442ab9d3c72518366ff,63,6
bdefe60060197430834e27ee0ecc1d775f5e2b89,4,11
be40efffa2a2ea77d3d2fb0cf1f8dd6a8da2b287,41,5
be6f4f4f657c80883591c6749a7951f9c992e4b9,101,5
be7b5a55c3a0343bda6a2a6ad09c5cfe8714b27f,31,11
bec0491f541a76e4fa31e17842bc573c812cb528,13,10
bf22fb15bf51bc4bcf3d50f7494caad62a596d0e,7,7
bf9e4a55173e6e65b88bbf4f18744ea043b07ed6,67,1
bfb055d2c2ba396d5e6bd6022719b3ade1cd1407,48,6
bfe7f84ef78bc0134134fcb799465996fa84e4b0,101,5
c001ef5d0a98bae288e504e13db2f1d4533021f5,67,9
c047e3345530b4b4634715536ac54cec9c756b66,9,14
c072621681c71501470509aeb1c51e3f9f98df5e,43,1
c084f1399d2813131b70acb3920068a454cea6d5,3,5
c096fc1d9c0ad8efae9cfd509f75522c50603692,9,10
c0986547994c0c40ee739f045a02e1ce427ec132,118,5
c0b8f55536e05f6da91c3b65ddfb69dc8daa12e9,31,11
c0c13857d74703fa66da743d1d670bc2b9957f7b,4,10
c0d3079f5b83f8962c439707b96c7ee43be2ca18,14,5
c1287b2f156f6963bdda82942a95288967e9422b,15,4
c13d9b5245d8fc600da9390192908048857599ea,31,11
c15e04639eb35379bc74fd289f38b1c9d21e2278,15,6
c162ce77f4002856b569f63b1e2b58ccd6d961e2,31,11
c195c2ea359350b81a96211ccb40d03fb0501e7d,91,4
c20545cf079fcd100052faf6db21ee865023525f,31,9
c21b13edbab3d247c8816a374ebb57ef71700952,33,4
c2660985c0dbf52fe68f7d3620fffa6ff8f2794f,5,13
c28a837bbc21a0b6ea686c34b12a7e6badbc9140,5,14
c2ac862e74879f4b60191f0bb1397eff1e157c8b,13,11
c2ca84eba451533cc357b9c82cdc4c59227ee38d,67,6
c2da78b847fbfac6920b3c5a2086c79b3a2db8f7,1,10
c2dc9b42636e453c1ad8e7a5e490654d39dc303b,13,9
c308727c618e21c478dba676bcea9d040d179f99,15,4
c3127c3c92a3d510a78a5248b4e7fac50ab81e0b,27,15
c32840e4bedac9715b49ce3f04b3dedb98007cfe,27,1
c352dbabae85680f4ce4ebf67886666ce47edade,10,5
c3635fc4a7b4545fc6df8dcad81f86d1e08c66cc,6,7
c399382ea2553528d9b44a9aa6492cee7cf0b5c0,48,6
c3bf932c28538beb5024e80bd06e09c44661c8f7,27,3
c3e73d0362e2b21fae6edfcf518063e8a28b7b63,28,22
c3fdd44aeb469416e4895afe4040e54eebc23db5,33,3
c41c79391cd0c8816cebc9a0b4ef1fcc5c2e4018,14,6
c4504ac02ad7e7e0c9ea3a1d78601374e483fc30,4,11
c45bf22121eaa2f37dfec2f58729d22394ea220a,34,7
c484db51bb8e5e6218578a71ca541b135c2aa1ff,31,11
c4dc23da121e0654017198804449e35b2e9c2027,41,1
c4f595ca17b4c13287b0beec0dbd45d0e356055b,113,1
c52befc118a44669cbf7912b419dfc433c1c0eee,10,6
c52fc84d8cd2335788c472ff6fa6b3aaaa8f2252,113,1
c5b963fdd21435b56c4cf55f49d652d92fc83093,118,5
c5d903eea354607809419b5e23c869ea16626a59,54,7
c60be70309789b39355dc612f36e37090ccad5dc,4,10
c667e08eaa5cf47dba38ac81da9c185659db42c2,113,1
c670d2529bab25c82fc7c3757cb11e7f2e404de8,99,1
c67df30ae6cf151f19df3e36d15f0361619ed47a,40,4
c69dcaf9e10f52b187b13e678f9fe65505167720,41,9
c6b1b85455fc8ae7de258ff95875644d77f55254,55,7
c6e9fd605b75a5090b1879635a6db8da08b8a600,3,6
c746678029d2139e7658a0f94e98bbf09f258673,48,4
c757c72ff79910b22c548daf9067d6a682bdbb4b,101,5
c787e77b224890e7fdcc8e2ca0c0577657d98581,3,7
c8332f72a4f6049ef2f28e4a0fcbde9d142c8591,15,4
c846650d2b1b4a07f67e13c5aa56c15185f81f15,4,12
c87d4a1dca2349d1fbdff1c6d6a57708c1df793e,67,7
c8944ded19113906cf130904726028c5c1a11138,9,9
c8a8565f00553a00a5d510958dc8c40a4a477783,55,7
c8bd30152ccbeebb18f9b1fedac0869f845980df,43,1
c8d7193cba58a3bf26ba18f4ba5728c56ddcd4a3,33,4
c8ea10d959a7c782b45e6e83040472d432fa448f,10,5
c9c6d1fdb1bc64d7137f0fb7050e334cbb7c0f6e,67,10
c9c9df2ea1ddcc10cc57d4e1d92b2f8b33d94538,13,10
c9d7b86399869ced995a6e467a257c3915339562,63,4
ca01f93cb3384006f7af5de96bc25f924ad8bd14,40,4
ca3bb5c80bd96ba545e0a42232c6fcdb55f7106a,33,4
ca6829e71c271976a4eeae12cbba5e49f232da3e,45,8
ca84b66fa8d2c26e91bcd21dea081bb062e51711,113,1
cac291a9658d7ef15e1ef0c71b188d96eec19ad0,43,1
cb0f9c7be617b2bd18ae83ee9e85b621cabda67c,4,10
cb16d181d96fc8c94f8416437c059b5f0aabded1,44,5
cb713a14e9dcf23999265a8826e204beb646626b,15,4
cb72cf616f3cafed458ef94be529c172bbcc5277,4,9
cb7cbbf59876001661704aca5fa8d70467f514a6,9,14
cbb7db3eb5270179fe8ebb9e73dde2c894c9a971,10,7
cc1f8f78f5ef5237c717194b38699b168c265513,1,4
cc431fffd568a0d46d302233b4d71bd216fa94f3,5,13
cc818564efabc759f8cfd2e978029ff6125406cf,27,14
cc8edf9c827fef5ead4c85eabf96ca7033ddf165,6,7
ccc7600e812ec5b6e75a9b4e2b04f00a48d1a9dd,99,1
cd1c8085cc77aaebd3c527b4ecae7e9150ce0d77,31,11
cd2b912e4a3d661cd4f500287d3bf1b4f444b7bd,28,15
cd2cc30c2a3c6b967fc897beaeae9d3482163a21,67,8
cd32daa7c1ff3ed117a127c9c185c1b53a396138,101,4
cd6862158d54e5c270e8d4bed99f73f32a721e14,4,10
cdea6ad7a63edbcba925717a8c64328c255a0450,24,5
cdfb7ea46096b2a49dd710ef5dfe7bb354cda15a,15,4
ce201bf315598feafcad345a663284bc266862c0,4,10
ce2f2072bf32af4582a24726936af34f88225213,1,11
ce3ad9b28ad26a494e6a196c110ca405402f3e9b,54,7
ce56b4a23981e6c9f70e87f087bc1be07fdf25cd,67,4
ce5a9a38579b80879f4de53eaab2d0083b685d62,113,1
ce892387ba13c6b526d18de003b62c1bfe4c125f,38,4
cee203ff00aaca3eaaef780ea6c4a68a3f8fd2fa,5,15
cee41e969faac5fdd054a726b10fb09228eb7061,45,8
cf4bc843e5bd6ba302b1289af66f383b0329d6bf,4,3
cf5422ab2f6793f4d5930d2901e652ed7dadac9d,1,11
cf6788dceae33f7826997b7fa99b5189cff1aa4d,15,4
cf84076c807f395016eaee41297162276781b963,67,10
cf8a26a2ce3ac2cfd81a1050e73bdc7a4cd225e0,118,5
cfe62afe7795494a49cfaa46bdf17c38a3c0d284,5,15
cfe97f961ec4d2fc578ef0aaf87f52c54a9aa181,4,10
cff1765d7a97d3f012a354586ccfd49fdaf6aa44,31,10
d023d3790457d12ac59581326aff1a396b206d09,40,4
d0561a58b05777ad43db1e0627d8770d37c48d5e,10,5
d06025e3b7e91bb8718335f7328466206060faee,118,5
d08b1608a634fda68fd097f278ce9fd4ac24046a,4,11
d0d3472fa981f90d8e6d036dea4bb627c73b6592,13,12
d0f28e44db91cce7caff1db428643300dfb3392f,63,6
d11774bd10cd517b1cde216ca391e76efaf59b44,67,8
d11e42daac68288eea95d8923771a326e667b520,24,5
d13ea487552242f9c688d613dab06ea5b8a867a1,13,11
d1e238d8cc58ceae3359c94b2a4a976a975fc9ac,63,6
d20b8e96e5c520827768fe614961d0534c6f2680,93,6
d2491eb9351f861cdcd439fd5d73883a6d681d6a,28,20
d28c344507f89c41df926794e0d5a96d10349014,43,1
d2a2d2ee79d993c9821f176d9a248223ee59b3c7,1,9
d2ef78c03149ddfd267005d0dcd248adcc227e02,118,6
d37f552ad5c3e1e1c3fc9aebbea6cf50e1b9f334,113,1
d3de05492e2353a5f3a80b5ea37a6de4651923fe,93,6
d4707fc4aa22e29062e02639a1b8c9f7ba3e6b65,27,7
d4a08e7df54afbd81401faf2e0349e88ed7fc2d9,27,9
d4a5c57c98a9d8e16b1dd93042d22cc422772b0d,41,4
d4ca57e34b4e28a3a0c73339e0c72db036894d3a,28,17
d5155526fe2b5c2b956687b34d478647ef6bd092,55,5
d5179819718a325ee33fa2096f37995ea6cfea8c,10,6
d525d6edf4b0c6362ddaa4814c3930a6a62bdc99,4,10
d57eca033aa6388430166086ed3d0390ffefa85d,33,4
d5841f944022e9ef49bf6ac9b5546dd82ab2784f,99,1
d5cc23d9ca216f0f8c6e5ada7c4e3284a3920958,33,3
d5e3e0d1ec5eae8e2fc08b9c3607cc766be6dffe,55,5
d615e34b407b1816d1ae062d56a466c1d17b68ae,5,16
d6515d627895751c832a3075053719da2f5e6cef,118,5
d66918b05a4d978f6aa15979c85902d09babc898,45,7
d66c55f4502b462e88d4529dd6b4d167fd42d165,1,10
d68718e7e9140ca136bf5e39efd7c122632ebba2,118,5
d69d2c6bc916b8d054bd50f4270a1c6d8cca1426,9,11
d6f54f87ad964bd1cea20ffceea962f8b6236da3,93,6
d73a15bdcce722312152f547cec67e8dd584a6a8,39,14
d7a319cabc8e30b748e2beca44fc575fc83197d3,14,5
d7af1840c8914a381ffae4617c33ab76833d9513,4,11
d84468682013517fdcb3506ee81783dcbdf3bad4,5,12
d8550edf3efaf335a9648aec7584ab6acb55cf30,1,11
d8ad4586476ab6240c0ec83f3c12cd4cc7a8f622,93,6
d8cb6954aff8cc17b05a205c949f36b46493eb8b,54,6
d8cc02c7b6d2478b9f6d47664272c43801d6d9a9,55,5
d92840812393583b0f053de80ecee59f5b19bc03,9,10
d94808bbe3e5b3ffc39c8d68e0eed70929c70762,1,7
d982afe8253215b9a75464a85bb061d5d5f7975a,4,10
da37e77368c2bd5a7a9792749fd6ed83e05e2515,39,15
da7fa747f59ca321b48b414b2f884d027bc961f8,4,11
dace1e5b88ac51d7bd53523ad70f8d5d188b9368,31,11
dade8cdd2806e1efa138e68d984abd0ab1c87ced,27,12
dafd07b7aab7dad9894cee44cad55efc89255614,14,5
db4c010c135d84c00fee816a085360bca2537594,3,8
db5924e7ed00c9136308999827d50dbcecae5091,15,2
db7c4fbff4eaf7b21678b8b053a0c3dcd74dd2b1,31,10
dbb0e3f3c32292438fbd39684d9f1ad153bba64a,39,15
dbc27d6c8a04413d73a885a7b2c2d8db605504fe,3,1
dc5325f05ad384cacb2431acfa1f398913151afb,27,13
dc87f8c4ae8953d2d0bcaf1a08239547d77cdee8,4,11
dcf7777f614c11ed45f8ff82f2c44d7dd15889af,54,7
dd98462b95687767f50edcdc4758ff5237c0bcff,40,4
ddc549a4ced606b9181bc2e6e0bb75824fc20f70,101,5
ddffb03cf0301334f5a2f89626640fa8812bde5c,4,11
de163edff457321dc540b375c7b316c7f9fe73cf,93,6
dea33f83f3cd94f54f1063a0cd22eab07ec8d3cd,55,5
defaf0c38d68f9958bd180e1a709f130a999b2e6,63,6
df15664e980175f8ee9ea6687b81c59f3139406f,67,7
df17da01944f34b2a6b59e8d45407c1297f9834a,1,10
df1a661311bcb75b3b3c258c46ab75819bd6d249,67,5
df42fc345b50f42b32dc5f9df420978b1cda663d,55,5
df8fb59599b421d91967aa7d053fa72e91e4f6fb,28,20
df90d9da415c30c25a16e21ca85638577961e81b,5,13
df9e2c6cfb6035fa5b26af3b101bacf64e95e913,54,7
dfc34f90e58f60b101c824e10d74b8ad0c46a2cf,4,10
dfdeea1cf0b4fb6c906a25d99aa5756efe14c996,4,12
e036815d3a8d88224e7e8a95c64ca031dd5b205f,27,8
e04a53abed6db648ac01e162aad84ef8b608365b,7,6
e07c3edba3602b0d172c2db763539dfa9819027c,4,12
e0850b1bd8f8de58096da128ec94efbdf5f05ca8,48,7
e105dc9d8869af3a83704a5d048424441ce4ad01,99,1
e13e39c815ec66160db3c75b7331dc1a0dd1d4ce,34,7
e15002a49ed03188f18c7a791c458c19d1ec973a,91,7
e1d3226bcfad8043e69d31f3d76e719c7f041d3e,4,11
e20abeea371227f8a6318491ca3c0211afbdc1a1,63,5
e25991f3bf474e9b542b09aef2407a78f3ffc61d,38,4
e2670654203c6b5aa850edf95ea9e293939963fd,24,6
e299749491b5a979701f0dedd4467ed53aaf7c7c,54,6
e2d88e3ad6275b7eca2bff120e467f9158b29fc5,22,4
e2ed5ffddf1e60198f9f138810f84b7107ca0561,91,4
e3919de46ecd1f707451dad4a1ac88e5b7403f11,27,10
e3b9460f9a4bd3f4a5243f388246084f41e0dab2,10,6
e3c9abe5680cb3851ac38d00a01c46f58b6aaaeb,44,6
e40337a34c269120bffcc76e69700d06f6d716ce,67,11
e45204eccdaf94faa580c54b1fe1289c97b1f56c,45,2
e460fd665c3f541f48ac4503abf2e90b9bbb3b94,13,14
e4935a868e50ec1951f892af50e2f5886c935919,44,3
e58eaf39ea458008043bd1472f267706524f1fc2,99,1
e594aa5283c8b2076ece870504b4b6b2e9c29ca9,91,5
e621f4d6991a537e4508648aa4c3fc278091ec1d,63,7
e63a9cdc387a31ea563ecc24b20eb824a8c54ebb,40,4
e659bb37740950badc7fac606f227ba5f74fa866,9,1
e65a627881df5d3e0bfad77c56221d858da5ead0,1,10
e67fff49031a4f2699f10d6a2dd89b4cafc70323,45,9
e6900f649459ddbd9ee38b93582378162c8d77ac,67,2
e73e06dbdc983d0a3ccccdf754b85603dd0818e7,67,7
e7b94e593e93b6fe31083393cff1d63ca2142b64,22,4
e7cef9ca74dbf2dc906e3216004a1b5e6a96e241,27,11
e7d0678e66dad824da63837b53bb0bb38a571f42,13,15
e816ed48800359bfd078c1444a40e00be6fbb5bf,10,5
e8335df6f0ac481c6ac16096889c51cb95ab2f6c,67,9
e85a79ca1bb1f59951efb5c25e40e0ee73985cdb,27,7
e85a95e2eddbdafe7db54351ce3680933e09d0a3,4,10
e873b044ecba72370076d7fe198eeaad94bef3a1,27,3
e89a4f1825ece62064e95e63475769011258af36,1,11
e90cd427d5e229999107e56e3f06953f3108635a,10,6
e92f3d3e5a00b7767c239cac14b6d9fe92d5ef9b,33,5
e95d7442ab6fb642a8c3529ef2fc8aa25a774e13,9,10
e99d4fb3ef87d5e201da3b08841541fd953af089,34,6
e9a8e1a87eb55c0dc1787fcaed22be98d9cc1ed0,101,6
ea0a8f0b0b712337c3740e6ad5293f3dc47db568,10,6
ea2f8736bbf1d859fb5b46f848db37f421181bd4,5,5
ea385e57f5d3d6841a6997dd7af680e135928bca,63,6
ea55b410ce0e38664c6597e4bfa09fce84399461,1,10
ea7332c6a62cada8a8e85200ddb71fed941ce876,34,6
ea79d40b446a3660b4d0b01e53fc4a14bc18f60e,99,1
ea8f19a7914d05412dc4159108d93d42a675e2e8,43,1
eaad1484ffa24b01432fa3564a8635bda0b4c34c,67,4
eadbb37222d32232022838b7765dea96bf38e0f6,44,6
eaf60b6a377c720fa7a13f97831f38531047a217,10,7
eaffaa19471bbf9bba8fa5808dd0904474089ae7,93,6
eb001120a0f842e5bbfd786652695628bd65090c,67,6
eb2a090421ba380ba6c0a8119510e031bc4e55ea,9,9
eb451c65ea210bed6af798282c2c6205c79f71fd,39,14
eb46bad8df84ccc42fb7bc9cc3a218247777367e,4,11
eb7470e41cb0d50314e9755be518f55b093a4975,9,8
eb83b2280e41f55da33ed81e62d7b8ebba9a93f8,93,5
eb870373b64f0be961f503936f7a725fca60fb32,33,4
ebdfeac0c48444c5f4fd377145b2d97e12c78cac,45,1
ebe0702c8a0d906044fbc61cf18d3f8dc9aacef9,27,17
ec62a3c21a4a116991338ac88863dff35157a1a7,39,4
ec7d2ce8cce8253208e8d0ae74991b46ce2eadf0,5,10
ecd66b9bbdcc6ae1eb9a6b765868cba3601730b6,15,4
ece9b75bda9d53b5a67f7bb53b5635a3df017020,34,6
ed3e0c98995edeee0b0a55fe15929a82097e93fe,91,7
ed6c052a16794cf2376b1497c505b438e9af69b6,38,4
ed8ffb58d172827f17d1abead83d9b8c44b554df,27,2
ed9eaeb6a707f50154024b24d7efcb874a9795dd,118,5
eda32ee9ebe79ae7f85927db19cadc6199752dfd,4,11
edc5737211dd036ad81985e117aea3ab9cbc030a,44,7
edc641c842df448a70ce315e00b6dd4461a260a9,4,12
edcb11b4746d7b8056929a37a11e81b0fe3202c9,31,10
edd78ffaa7bc16d94ee6908b98b3d9863f492c89,14,6
ededd47b1e0c18d4af4ad2b0cc21eebcb7c6e6b9,34,6
ee30201b0b1261fcb6cf010787990ec87343d300,113,1
eee2c3c453eb64f9c327f09e83be35ef36528101,41,7
ef02ce9a2a904477907fe9135cdcbf1652180d31,27,14
ef070fa973803bec505aeb6230acdd7a917e2a59,27,13
ef5d4cc5cd7a9d46f3e31572d97bd52423bae4e0,34,6
efcf2fbf26e74d0af378d96a168c8cdc05c42a84,4,11
f01795183fd859bc35b074c06fd58b5e6623fb03,3,4
f01bb96987327c1dfec6ddbc980cfd85650f20d6,33,4
f037357014544261767c6ab5b172b246b09d3ddb,34,7
f05838da14ca1dad97a5cc0c58323c6df9153257,9,10
f0be3049c99eb84be5aae5352c2f0ccf661e1f43,33,4
f0cbea39c26f2cf588e04885ddc1a439564bd782,40,6
f0d74f349e6479eaecf425634f8b0dd51e60d60c,118,6
f126cb73dbad037e40b322f82b6f40e92a15a595,44,8
f1299639d65fd743440958354f22154e171500d0,22,2
f1302a0b13ef669e0d797c1d4106355cc43f7144,27,8
f156718d3970030deec27298f56fc78a00c00f5a,91,7
f18c98fe93f825e2c01296bad47dc072ff70eef1,91,8
f1fb0a22c3c46fe87eaf8bdd97d80ed51436f782,48,5
f2418c1ba0f63cb975e6d8c26ce4a145b11ad924,45,1
f2c6f4d1250f2570b4dc5edfa7d0952ec4b7194f,28,19
f2d54f193cc71d429fd5803b2e4721d012afe568,63,6
f2efe01b5b7d2613529468857009a02a3cc820b6,39,11
f35248e9e95942a05313dda4f3a677705d8c651b,54,7
f38238ea1bfa182b81a7d73d563b61dbf2825754,45,9
f382c8f54d9fc494b6d8cc0751f694f0acbddca2,22,4
f3a603f5ad05ee8b8374af6523467f1ee058959e,41,7
f3a7769633f8060ffee4a0295c55ec9be084e3c0,93,6
f3d6d22e76fc586bffc4f5ac1d73f096f03efa0f,31,12
f408354e704d901dac2f283fc8242d2787ee4813,4,11
f42621bb38f167d2de3d662cbe897f5fd1234aa3,27,14
f4367a0ab2083a66a5fa812df89e590d3fd3b5a8,91,5
f440f5463ae218aef17a60e9f2ffc7dbbc45dc54,118,5
f459440c7a99294ca9763f332cd9aa09b0c280d6,28,7
f492b1eb37bae60ab4597c161e7b67d9cc9e4dc6,45,6
f4984561cc406867aa796356b6bf10a2091e67fe,22,4
f4a045088bd0003226023c10214248049d9da90f,5,1
f4c3f24024c2e96ed13a845b5ad7213143844d9f,67,5
f4d9301713b16c13c174f19e18d0200175494a79,93,6
f5674c61e82766371ddd913c99e6b70414f4dd55,45,10
f59fe9b15a7762aa5ffb0653396da3f4f2536553,9,9
f5a2b63a98287f49a07f6101717dd4c1048b9903,27,9
f5ede5df58c2ea59be6b8c8097659bb8c2e9d0e9,9,9
f639cf4aa4008b2bf51b274cc01dede03666150e,99,1
f679eb92d1581b842e213a6d2a8a74a0b9ede984,6,5
f6c974c003c063735fb1afcba0aec50acdb89861,40,4
f6f5b15522aa9457158ec6d7a16caaacd6cbee42,93,6
f77371745c51f549f9a641110e52f255aaed0f10,38,5
f78599d53dcb621a631b8dbc0feb5dd63e2aedd3,45,5
f7875ec1207504a229cd9b5ca132437c6bdd6a4d,9,9
f7b65fa8dfbc07f71d9e206d1e1fd35b986cab65,27,9
f7ce1b89f61b8a40a961d7fee02ea31d4b27583a,4,11
f7d331120e9b3a15cf4a0028849bf050846d5d6a,27,15
f7e7c21b753521a3f4eb226d9c69d71214e183bd,40,4
f8526194e3d9450a847706ea1c474c9e1a65a3a4,39,12
f861873a2af44519d0c30b7b390257e28084c360,6,7
f86b9fba1d59be7c864d4f23d0c7674113a27cab,48,6
f8da0aad0792d4f2d30881abdbfd4029dc264842,44,6
f90fb4df43d85aad3ae9602aea19fdb4f47de984,5,12
f91758fe4f441cd4b7b053a03252b4c50f3d4737,33,4
f91b376092344f19705df8873d25aa4a34bafce6,14,5
f92e3ec921384713419dca56d1fe2be1d51f1b54,91,7
f944b947ec651ccf64807b644af38c6f04229bb7,38,5
f947938c0e7c1345a488d9f17a74331ca6f478dc,4,11
f9491b0ab4aee90c428545e0e315a3af1f827595,9,10
f97b1dbd007f20fea2e262e62433e01ae91da602,31,8
f9e06c04dc036b01f65e7f71a9201922f201dade,93,6
f9f4d4ef2a3de006bd037db9eb160ab8e51c79f2,67,9
faab34a8374299678ccf4eaa3628cdba3b65bfa6,91,6
fab22b3c9fd685c26953a5ffe073c4aa2a788c7a,44,7
fb0a2834f5f131005e12dc1962056623ee6a7188,101,5
fbf5d7997f35a05b4f296b7b70b08866c13db856,4,11
fc4d0cb084cf3b98bbe820a9fc36fd437940969e,38,4
fc83d8b4ec86934a2daa128311afedeb0ca5fd50,31,10
fcd6e54df612c033e7a465155046b5223ca4eee3,9,7
fcdf51cf37b314ebc57038046b859b3172117f4f,44,7
fd29d68d81bf469540c56ab7074ad748cd72203c,3,6
fe31861a03511f91760de27adfb8803e8ad321b8,34,4
fe4316169ee8c83567ebc52bc629912ff65f14b6,39,15
fe516d090eef192c93197ed87878da0e23908140,55,5
fe659e147194c97b69278c8effb4041297398009,5,2
feb8a2859a011c59efd22ed419cb69288fe03627,45,9
fef4a3263ed9a8ab14d457694bb8fd86ccd98312,101,6
ff12d6e2ab80696ed8e22fbe5497e96c68d29076,63,6
ff3fa2ec64294f37ae968159f810ebeda7966c51,27,7
ffe872165621d735a48bb5db0c71dd5195cba359,4,10
