0134f9f410c65ad0e8c2254a7e9288670e02a183,5.100657
035f97702f2c01d26ab1fae8f39ea2f98a0caa3c,4.676165
0aaebc88f6106684d6993c156104c1ef36cf94e0,4.592872
0bf111a9caedf02804f6991792490e63bc21058a,5.2683597
12887fd9a4df4ba9b88a71f3fb1d2502a75995dd,5.9379563
137ffd846ed245676a14f1d5e8676a4ef646182b,4.4661293
138c5848f009c004f0b8e2379316d5ec18332ff8,2.62672
248ff20c10b7d18c30fc84ce214936f5bb440e6e,4.2847853
2fa311a94bc0da6d97955730d071ad6fcc770bfd,6.237258
326a025b5c23347b9eb2c5ceae75a5908a461f69,5.6229496
339fff79c43561c995b29972a962ccec846c599f,5.7575316
36dbfe4759f861ee72011812df2178cbbfd736a1,5.462714
39713cf2db02601e4bd6360ba70f8013c0433f48,4.755425
3d4f612148056feeb651f4711c1f640f5015101a,2.5099633
410357eb9129023509cfaf8d38be61c050bb3b05,3.0723245
4dcdd4c95ba88786172619ebea8aad4ec757a150,5.6979895
4df58b4a53afe49f40e1c054f9a2e8553352e254,5.7214293
4f571f241bb2d884216b4712cdcd482e310a718a,4.7426915
508e0627871ed482bd8ab34544e43e5d856a889c,4.989227
50f17ae2d9048b293cc969aa8668b365f9773f1b,4.1275735
5235e36e00b0e927e6ce9f6f771ef92915857989,4.2294035
529d7e5b25e40c18bb7ea49be0963ed7f3e288ea,6.008177
541270fc6468b9399001ee5a8bfa0cd380e1db60,4.277579
549b4b9f5408631f8a062a6a3b71c496646ee0fb,5.170198
55ef1cb9ba9a618396f8f82aefdc261d00864381,5.240856
5b023883ac089df249ef06f7c8c4398f37e1c55d,2.9129066
5c67cd01bb445f9b80d30f2c551d0d42776898fe,5.304176
61c0c30e1af44a3ad57880bfab7a88591a434b92,4.3167977
6434afe6261c6f3f4fdbad511a2db8ef090f8c07,3.6287758
67212308d026508fd5b6942ffbbdd7b0be2e89de,6.057117
67f697ac574661dca982dcd95ba358bde5b48a8e,5.085487
72a34636b5a1de1c3796e43d5abc564b4d0803e7,5.0022283
737dd3b5a70f36e8bb79f4c5cf86c7ccfb1e7d55,4.789933
73c38d8466f153b974c09c066d1469f63b856d07,6.314451
73ec1e02101d9e26fb75fe8580eec218d09ba78b,3.7512326
7494b38c6d82b590c4afa6cc975f583f51395177,5.16888
75ef6c3aff156ef52aa846c2fc3b26271e50e335,5.058902
797c7c555f32a47816ca7f0c017002a2131c132a,4.567573
798e6393c36bd3b6dc0a9f97de7d4c87a6e5b252,2.0417578
79fb09750bdb85310622bf240e1060ef8de8bce1,4.206223
84a17972cc6d29489bbe205a9e7feb8745726fbc,4.4792943
84b6b2d70924066c8345f2bc2281791ae3188da2,4.5798573
851d9a4b9b8e236f2d62282ddf06fae57b7d9492,5.3690853
8531dba6dd1818a4e3f3ba5e355e1e5ea9276afe,6.6682734
8554d1155712da4bc72ec5921db3227311265359,6.6109967
8576d2d269326a29503a1763996227723fa531a7,6.4293222
85838695003ef753ce13327655b84defa54d6eae,5.8610697
859c3b6fce7256abf5acfef957e6c04134c01e4b,5.3086476
85bebedd9d4605ff6823f6f25c761e64a588bf22,6.549709
85bf028205803eb9b1e5494c540ddd2938606606,5.7141294
861075bc29124627aacce66a29c6dd835abcf3be,4.2369967
8674a295a4ae610ccd77b60cbaa692db6a875761,5.7482977
86a7e49131f2acbd350c4b0b9a2243838bd4e122,6.308671
86adc493a1cc74328222a194a1d1e3adf098b5c8,7.79783
86d9a98ab0225d2c2faf6d51fe3b9fad194c3ce3,3.3205926
87322721181928972ce2b67242f61ff23275f3dd,4.9477367
875e48fd13e52a01a4d48d745d72128f25b9ec81,7.907452
87752697bce404c9b410be71a45e76f3c7fc9392,6.3992724
87b3a5eca0c70c7828168756cd7813cc8b3285bd,6.6650295
87ce4212940578f8ab9aaab4616b104ab515d4e9,7.097348
87e4a8d6efab19e147f510e9b5d10c0d0ff5845e,5.392892
88003ba023714648c4312658ad9a4b3703e56de0,5.1015725
88188301e8d3565c7f1e2cee1f9ab8794676216a,5.4346995
8819c6723e6d42ad569274ebe2ce4212fd8621c4,6.1470184
884afc60bb87e1f0d85311221487273fc5d13d13,5.362693
8866a6da23ad8a2abfb243905e0b5e2c98e366bc,3.7934446
88a694a270a460f5a09e1e8c569b036d03b9b5ea,6.7930546
892240639d1170ec0f4bb6248ba3e9bd390ed089,4.5500546
89521736c16fbbd86315c3f3c555132aee8896ae,3.7235749
8960e95f79cd20b46b7e8fd09d0aa88015566a9a,6.5920777
8968e2c95fd09b05d48b4b094529d54d06bf6da5,5.6678495
899bf68f741b96e69c8b1d6bf22fd86e00b7c00f,5.2562017
89b7eb7ce1dccd4f6a7eb59017ac455cf1e57766,5.5421944
89cc639060f3d63cf21d893882e544497e32aeea,5.55155
89cd14d1bb26c559102e9080a85ffa977cde7fda,5.0415754
89d4e10b3c250c027e108d10ebc00bda239e7e39,5.2616787
89fe8b96c04597a0fb63dca3a86e5f36e7580940,7.8452935
8a97d52d61d704e77f82fd7f1161d98054f48f25,4.251032
8ab396fa5981adcdc777254c57ea744f1fd4cd2c,7.460325
8aea6c59a11267f4143312770b4c84a2be56f353,5.276428
8b158f3040b574b6d08148e24946fba8bbdc29ca,5.4622517
8b2735093e532de21b7aabee43b9c76278bdd5cb,5.832001
8b3f8cb80815c489e6278cfc1a371b3bee3f6e1e,5.1790166
8b43c7696dc13421431102cb4385363ee33513e0,7.1173267
8b557374000feae5ac9aee7b4078bfea53176ffc,4.484453
8b65dcf807a9de0c95c0896919da04523176fab8,5.3139358
8beffc1494bb81af08c352aea875a183e45bd824,6.995526
8bf27a767fce0a5fb359059183d06e01d62dca8c,3.5786994
8c5d6de5fca9e769de9676c911d9e082ec1a9fb4,4.2372537
8c6976c873d2ab3f4af9188a4189c46a032a53d5,5.2720885
8cf96ad1e77c722694ef03a06a781d61d632f2c0,4.637967
8d0a196c1c472a4601384f4235f293c4a341b3a9,6.5680966
8d14518288c33c098206996aab23c31b3eefc864,4.8264046
8d65a433657534866907ca34885953c36951db06,5.741574
8d811d7887c2c868b631a2bd296412bde2b49bae,6.0989723
8d9b19c2ff7d630d2d48932f3c1d35aaa97ad51f,7.311634
8dada7632816cb20f182c306ae74184ea9e056fb,4.756252
8e20affd5aca29391f582b7dd756c83205297c11,4.451678
8e3a076971fce919b1a5a0bc62dcef86264a1c24,7.631045
8e5fc3c13f17c0502fe3f0a8404b461b46183f8a,6.3459454
8ee77ba42fdd6aff7a9eaa84d70064c4cb39cdc2,6.200256
8ee958ba68793684a9962e1b60847d7b73d7c9d1,6.288591
8ef999ab1a83c2760064ac6c7a4b6c4115c5a186,6.0879016
8ef9f17bb904f437ec0a9849d820ed0f86843517,6.082667
8f19ffb508b23f955b93ebd99153f8ec99025785,5.319156
8f7402db46b9b2a95aaa8282be9e471a3ee659ba,5.5020547
8fa7abd9421e396273c3571b177340434fc132f6,3.7653809
8fdb7157f90753735edf97fcc828b75e6a8042d6,5.1038585
9038ddd6c0d498cb8c65b4510e99e8527eabd40c,5.359519
9081ee605de7c5e739569f3f829cba953cb918f4,6.0071363
908365770c09838aa1bc1874bf3915779910e775,5.5661883
908ccf9bf5e0e7ab597a09fa19d91b1a5563b43b,4.310937
909386947a62f62c8b94ddde0b623b87c01e2524,3.896912
90d54808ce52c41418550421c387818cae759dec,7.3408175
911315669fafba0a06cdbf08da7cff7e81f49759,7.9527345
911daa5a6058823b007274f35ba038da7ec89a11,4.0949078
911f5eafac3def56e71836d495b740cd059edbcf,5.82367
913eb5b320c3f4b475e8064303960997b0dd7a9f,4.3616676
9167062812b68b140da9de7f824ec6131ef31a01,4.2100224
917f1aba835e5d7e79fc124c1d7a3c8c2588cf8b,6.6038656
91ccfc470d803af51ecbb91da39db5592e3a3324,7.246266
91eb4058d0937eb5499d0f6b2a8dbae6f47eddf9,4.8697066
91f7019ee1831ead0e667cf264dfe7be6b743f3f,7.7411985
920523a6f06947927c3d1b9c2c902fae6eb740a1,6.551251
921b990c548efb5620585b0fe3049ed43dfda903,4.985744
92213400df98f5441533511526206328cdde4159,5.3314605
927008a1eb1983b52fe269b504f398ca185603c3,5.276664
9272bf390ef4a8e31a5285c14ec721495414c53a,4.7572527
92828f67b16f5e96ddb0d436aaa6f1193104c037,5.55967
92a1cd997867a6115b3d079903e63aba8dd214cf,6.35383
92cea32d04d98c66af1c1366fe9811047a9b1cea,7.1036344
92de4c1319bb3b07781b63801e4599302764dc5f,6.152854
92e2b243f8ca7bf1ce773bedf8205980f034ff05,6.0906754
92f51b59f25a16e76b18441fbe797a2fa2a5d3b5,6.4402533
934776ec5bd2147907362602555bd692fc56aab9,5.1547017
93635a4013ec683f217cad90ca4e41aa557c3922,2.780531
93bda77bd8d32e4fa1a0549b76f807fbc22f1f7f,5.0170393
943f8910b7d79d76726a7c50a996a39a00fb033b,5.3253045
945546f9d4db4b9599e57ffd4271193406f0d96b,3.8474963
947a2e7cf57ae1a546f98831d861cd87c4fd5ff5,5.4473386
948fbf59cd52083820e8e1682a5bc2a34793997a,8.086242
94ec21d59f07c2091e0359a0085fa6c569ed30c4,5.8814526
950671c7855e25bf4a8330768cabc430bee030c9,5.0234346
951b5bb9ecd6593cecd2bd72fdf62a0785bd3b3b,6.8697724
952c0daa0b72620df1288d516f0a2abeb5b3986d,4.2488294
952e48fc51ee7afbd972a8305c2f22a80ce9ce92,5.9990025
95c2c72faa0bcedf9452be96511b7ab488754e77,5.192627
96013c7ce1186c9a18f5127959bb867243b1b9f2,6.409504
962de82430c78164a7c1cceffdfe31dd0f3c3cd3,5.439785
96d8f7656a57c4a757129d95863a463358a0c3ca,4.90353
96ded661b95e3d4d3cf1c8d45aeae3b335224583,6.605281
970dc7689a54be2108e10cf65af78d85288b64e9,6.2890086
97469bc8eac2e4fd57266fa9821a50561a4d8473,7.682317
97983f3249349cfcb409b75d5f53e5cbab2bfa5a,6.106501
979ddec134899a31461a05d820b9d6cad713715b,2.166086
980a5ef7011a98b8fa55e5ac3d7ebce6f7784286,5.9319377
980f92c1ca3d1d662e790e884a1bafb6785dfe45,3.5899303
9843de5b71377fd3392db81e3178e11bbe90d95c,5.7683706
9871e11a3a4574e6b565733fe3e565f13d670744,5.2791195
987888aba1d68d84a51fcfef4131d649024e0aec,6.8288746
98903e3bc03971360097ad809526370f701ef5f7,4.6317854
98cafa82b3e7f1a3a179c62509778cf9290ca87c,5.0740733
9906fd2917a481b373848f6d084228f34ace63a4,6.1076083
99103791231143dd15aa77f2aeb87b2cd4a1c22e,5.093536
9938999e257ea21c657f6c63ff386937544987aa,4.1485224
994f5b5cdc8a126efbb290700caf797948ac1841,4.4996405
99751d158308f801241e028eb7c6b0363fc6ec88,6.820264
9981528e7324f2d92c27f163b5d0424a07f94b67,4.156991
99935e2b7f9f41bd823ece5418896aaf72e223fc,6.849314
999704c760821f39257d453f58ae57cdc5db7cee,6.922959
9a20834c7ddbbf82eff849ff8e4f321b856970de,7.508435
9a31bbe1021725b074357ae4668bed6eb7e46bc1,3.9009135
9a5d7462df7a85794cd0d7d2c510ebf725d2e13d,7.705438
9a6d7a470aab3fb51ab58261637c58c239ad804f,7.379606
9a7c94325cf12595e72895187822c354cd8ef458,6.4606066
9a8ad4a46036cc65da3ce25da0a1b9e70f979655,3.3327625
9aace874af47927645c48f21ffeb82f8e15f24e1,8.18569
9b0622ca034d946055f8590f554fde632487742f,7.137243
9b4fd6bc9be128b294d3a8590bb6a146bc503902,4.1728477
9b536900fbffe20f4db747af055dec68b3ddb6ab,6.898997
9b6d776d82bca421eb10bc4a1f5f866af7fc2a3d,6.416867
9b788cef19b68860b4cba1f072cfc4744e6610b7,4.397818
9b9216e586500b4d619e331890d3745eea1176b0,5.9782124
9bbf52d74e4300842b27973d5e1d65a74c54c1b9,3.1389208
9bc8e6286b7a331de79c4c4e868b806c0b3bb12a,6.9394217
9c03af1da21c500de8e0a1be24e3c22d341961ca,6.665596
9c4e901d499220d23e819ffe0156ef62c7bcfdbc,6.625285
9c59b505cc82ae66d54df9629666137c9527e56d,5.1220245
9c8c8ca8e36d83954ecf380f84b01759c8363df6,6.0732484
9cb2a2853cd6c58a9b7d07a87ef3138c3cf723b8,5.9197636
9cf17df2214b19cf4cd63df22b802afde8cb98eb,6.6968646
9cf5d1c0d7ddfd6b78c222e83894ca3a75ee47f2,6.184243
9d053bdf589efd451ff25e1977e438b11122e0fa,7.0668406
9d12b920015fc145b62c73ca689e71a362e33b35,4.8882427
9d46769291771df99e8061cc9c5d79aacb087210,4.5757103
9d549d02a71100ae95cf02deb371138097549edc,5.0054116
9d69c1d50467997289ee1396002cd197883a2b74,2.37242
9d789185f1d5fb7bd42acd9d6dc1f5380fef1c4c,6.3493347
9d91374d67624389dacb4b429b8fa8c18442b29c,5.96811
9db80a153d642e12571588fd68473c6e307195df,5.6731305
9de51c3306c206bfeaf41f4aafc8526300a9f103,7.57838
9deeecfc873e74ca5ef8b27fb6b22bf7a536ab86,4.2527413
9e0457ac0f2824c5e725d83bdeee91ed078343b4,6.5612206
9e1f7de0fe95b78cc2236adb52b0420b382b40c3,5.632104
9e4c480f54169dd91629ec30917139f2b16bf6b3,5.211575
9ec1ac8c3d812703485bee8d58b2a81f4edc8754,5.814029
9ec591a707f8d7eaaa8b43b6faa23292511ffef3,4.6658425
9eef5b76500d606c0ace08b9cd3ee9403e9e9664,6.942706
9f605b4802c811805adc38ae19035ded09a5e4b5,5.9547596
9f8f3fbc1f6d3f36859a33054203c55d028c6e65,3.9881139
a05a86b21a7d5922fed8c50f36d307ed7a8cc70b,4.9375114
a05ee87ddc674ddf01518fe125eaeec0820ea53e,3.5601654
a07cb417ba30c0e4d8cc3831f093740ece8be01d,7.961959
a0ec1fa9ef85571c363b1ff524a7bccd583b0ee2,3.9617152
a10c5f4ba04fc56032719cc84184c0ad5b5f8446,4.4147825
a11fcd52b2df310a3f3bf8e0561a2c587005e96d,7.1744113
a130e19ad47a6849ba0261a7a81a8d9bb93f3a7a,4.8131723
a18783b2a14d61192a1b97ce3daca9e67cb8cd59,6.289669
a1b60c404f7df8f6f2695982048cac298567b821,6.6963816
a1d026f103e45011fefbfd9ddc32eedf16edd5f8,4.034305
a211065a6e065d2421b924d4e9314f1026611aa2,4.0833464
a22a58c5be8aa2c2700619e37f2b7a6e4efa7e6b,5.3420877
a244f431e70a9d4c780ac6914b564d98c04ac7ff,4.855681
a24729ea6c4aab24a9d6dc73513113e8b8fcf35c,4.210728
a274dc9836c18bf295e9e81afecbdd72825ea79c,4.281076
a30f91cf4dd6e15b62a675de5087a6db82d61f51,7.4380813
a3748712b8685edb49cf966b7e662e1647503013,7.0152464
a3c251eb71ac7769282f383672f19d3cf66f1b04,6.0692554
a40402ff4c87721e74766e6751bb458653b3e686,7.680434
a4a81c655f21aac65297532528cba5a28e8f5ab1,4.7769833
a50e88cb6830931dd1271dfc49b3497d63bd436b,6.151602
a52c67c0bc1c6ae7da7c6e4d38cc7ac5a869ed39,6.613958
a576ed0ff4b19b2c864b2c489227a491ac670b84,3.95279
a57d3a31b965e00aa208f4d499c0b3637f759838,6.494315
a57e6a1dc883554789ef6049be9b51530a7aa207,5.0188904
a593667aa30cd094ca66d70dbb5ee98fc64d38f0,5.8153763
a5aef107fcfe6b7323ead96aed8ef74a69efe042,5.4811773
a5b034cb2c29d312a2e5475da6174e196cfc3c1b,5.0136175
a5f22a73b7cb93619da1f3cbc56febec52b1c16e,3.3133698
a5fbdd306fbe3003283cf2cb7ae4c371c9693290,6.5906467
a60f543d315ec120d2f433cdccc19342c9c3be02,4.780487
a62742a35ef9194f7da07e547fe13f99bb6257bd,3.7552125
a632e2659eb116c7514dd825ffaa8939365c71e2,5.307265
a65549b33ec5839c95aa1e9c2e50f74685ad7cc5,4.6005774
a688299300a50fed79edb502fb02fc503a564308,3.778248
a6bd1b3de6ceb8be610c33e3a0e4a89350700984,4.4914937
a6f3201e19df0a0fdf0a3d878d6a8d2e50eefc70,4.881373
a727c00002127704e5ae41a4a08948dc43b4aefc,5.678967
a7442b91887824d182c90cd82955b97a1404dc21,4.3454447
a74f9942a4bf89bc51a259bdd7f5427f1ccc82f8,6.2403464
a75958bf7ddea02d2c0d5a300c83abfe240f3552,7.150291
a76e1891c401fc5f73f6942768488b1487533472,5.2616744
a7e953186fda9e7bf8368e2d00a19d024f7db5c8,4.530959
a819175c8808635fda7c3854536f82d90a7b31cf,4.091746
a832f98e370c27f9fbc8e0caec05700a96e89a4e,3.3638484
a90b8415afe8507a36e7be7511fd36f1045418b7,2.4108472
a94238b07de77bffd5189487ac3d56b96db7e09a,3.4771779
a9947ca4f64f3122a22c7827ae089d48db8fd76d,3.7951791
a99c3a5ba8f7e25ea61f79dd74cb89d6d8bf8a43,6.4928575
a99ed97ee0e4d81fc9a8a5a5baaba5407a897b84,4.3829036
a9ccae25b9a8738fd3ce42dfb0fc5e92ca9b8d7f,6.632892
a9da415ddd0567c5995957b2239621158a4521f1,6.1135497
aa01429991aa756b651364d54b7b28c2bfeb6c3c,5.091357
aa1696aba3e93761b292c97c68bb0e06bb2f537d,4.9422045
aa2166a08738eb1a62d78686cce70fc5572d0607,6.6925135
aa2288779d4ddfe46b3dcab170577d4f5096ab15,5.300791
aa2ad4e1f1035826e6351e1e801eb57c0b494267,5.2854204
aa8508f6aa7e91da7efc770fc0e04c471463ffeb,3.360814
aa8e2b08e043c6d844c28cb004a224615af29e90,4.5955496
aa953585f60c1f5711c6d5159abbcaafcc89eb77,5.646936
aafa3b985fc5f4f1f6dbe50b8edc01713225dd2d,5.86738
ab2a1e43f425b67817553405c41c09a9bcb0e9c4,4.428726
ab4899d3252b533827ab7d15261b9edb38cf0a7a,4.936523
ab4e0b5338de7292c155831c4bd68a740ae6d05f,7.3750124
ab7c842d24cac25a1a3852cce506ca92cb8ed428,4.5062304
aba3f0810ff4abb82c285780965735f59dffc070,6.863236
abae080e558fbbcf25131d47ef3dbea697548f14,4.5563583
abf736b0441172883ba772951733e73d557598ab,6.2403126
ac018ab3a6242492006b3ca1e0c508abd1761538,6.9909887
ac164aef8492a4d178d0704b602f0522512dd913,5.712193
ac6104bfab84b79b7ff1f01c576e2b7442988f38,5.9360175
ac6522ed2e2b8a808bb80970ccffcb6572183349,7.00323
ac7569c6eb788ec3ca408850d164b68f73bb148b,4.44538
accf49bc7124b7fdffea9e75a869a597c4e8adce,4.2582173
ad03c4fb44da8b106e362ef8c65fe2bf34a385d1,5.184282
ad3d8c094d5606a8005bb22a4cf910e497a03224,4.041037
ad57f4feb3cdcdfbb77d4ccd074d9ca50227661d,5.8240247
ad77e6368d86e38cbf14a33770ca16b204522863,5.454906
adc3882c435a390c34d34279b5528215928944df,6.111545
adcfbf9c58d92335f9b971f6a9afd19d9feab214,4.4950037
add17ba1901ea9804a604aeed6ebe191d784785d,4.0268
add21f371c1ade0e82ccdacf7ce016dc151a6968,5.1260047
add7a23a1b66010154da076a059216a13b90191a,6.9961977
addfbcc77f77c6c80cc3e55261cec181722e68cb,7.0267553
adf4cd4036fe7649e15bbc8379f224685017b379,3.7092526
ae75c8309bea2f4a1b1624ce50d0994d5b4dc451,7.5925775
ae7e6756887c7c2d0e3d26bb83045d298dcb5ddd,6.7303724
ae84ba8c1585fe80b8d2cc991a9cc4af2921a2a2,7.2433043
aeae992591ef4a9423528eb6029301cbd29daff5,7.294546
aef76b2d6bbd67cf3aac958965862b263c50d4e6,4.613611
af124b723c6d0d777c60479978e8da661b34bc2a,6.9635825
af12f06588c971f6425a28d61e4511bafff05bb7,7.105384
af618fc07f8f8c9e1697d7e8ce5cea9dd4ddee00,6.3589077
af744dfd0234f2b89d667f962f13cff1b5d0c9e0,4.496963
af8cb88c604c245257dfd33607bcb87cd357d3c9,3.3440042
af99c21153a5cd9289febb0cc7d1f8cbee810621,3.2485836
afc376cc4bc5460a941a5d21f91d19f159cdf490,5.031335
b002ea316ac314e47c6aceffd6583bd300962387,7.349449
b03084cbf44b7fc100db518a5ff7ef7e9924c260,5.1728635
b041f9ef5ab6da232256530cf8e22c31ac99971d,7.216374
b0718e2faa64ff947c0ba9e9516616b44c8f4a5d,5.6300697
b0f303b4bc78b12a467c465db3b050425eadbf64,6.25265
b1179b71e93f6ccfe9702cc342e53c5c04d2cf60,4.6339912
b11bdeda44addd99b9b0cdc016fcd27262b51fdb,5.715529
b11c7371190aaf26293afea3ba2146f21205f73f,3.5609198
b152244728671db447c59ab0796fac9a423e1356,5.080068
b1e8855867b91eadecefd05a09f101799008b8c7,4.3877816
b25340984452108c2928e20f412866a7dbf4646c,6.3214593
b27862a2f9590331f29ffdc8f3648dec2a7a7d30,4.2035933
b2a46e3625d075ff330baf8e18019e1af424bc62,3.833174
b2b334fbcfc12bdf6bba8dc45aa8ade3ddb746aa,4.765294
b2c520e7e4ea03898e0b8204fea068149d5535c8,7.222106
b392a38d92631885c3b63500548976ac63518da7,4.72162
b3946c98c388b721854634038fbd1820a7ff046d,4.6805773
b3f68ef83acd623f98f4a03fc633905fb2a5b027,5.5405064
b459886eb6e03f683c364b338a5c2f4776391dbc,5.1611958
b45e8d507778dab56f381a681c453cbf4d3b4050,4.124985
b4742d304d9cd4891aac3cedf5905676e9fcc9d5,5.341753
b51687ca4edcbe2376bc3204617227bceb0a52c0,7.796295
b51b95c923fbe5e4f47342faa554cacb44477016,4.890825
b52028ddeb0e0289019154f32e763393f83a30a9,6.6949825
b56069b7f468c9cb3ff1ed8830af52d4e2fe60c0,6.4074397
b6535907c852434b9243df7a0e65f04d688d049f,5.9775043
b68533a39390311fdd9ca8baced33145784eb561,7.0383058
b6cb94c201726bd4e4dcadc007dba2c69933e0c1,4.2334976
b6de7562a3dfc6522d1d9f86967f5159e3f2f090,6.6868067
b6e252e4989b3b422d69eae06831ad0bfd396126,5.543039
b7047722486e995e27292b5ab1945d72ab5a3708,4.3529954
b722e6209f2858faf0bf80947cadcbde586bb666,4.704343
b7289b3b24fd67017ed82f62a889b4c9a0fb5ba4,5.6412344
b7297bd49e99532695b6290f29fac82928f9e03d,6.6572895
b7298b0fe50443a623af9b56792b330c2d052845,5.331877
b729f209cdcbb802e5f6f16fd902793131660968,5.8717794
b72f0fecebc0120609eb4643631055b2e7a31fd7,4.900432
b75c5320a2ce606e7c46d1f82723e1e461f37a68,5.2461567
b7931b60e23916058a5767895b9214dac7a6515e,6.9636226
b7ea6b3de19afe8e98d52228dfcc3f3027f18891,6.6199584
b80a4c674f6640d304722f4a92eb9b47345f1258,4.526535
b8b78832d415b2137aaa400ec638ca3828510a71,5.9320393
b8e898c506ad360ead5d4fafe6651fadfed6645a,4.949266
b9cfcb9ade5f88679b72a7977c50eaca7170206b,4.4808803
b9db6bc5ded963759b9a1db58adbaad3314169d6,4.1339946
ba0b274a12a5891f98da7f012d4c757aeb822917,6.4596853
ba12c0a2cb367af0467e479c03507c71a805d291,4.0687437
ba37558e4c84bdb5486d1b3622b0ac7ed3d5222d,5.5672903
baa9b5294556d31b066df7e0dd8b1b0b1a8bb9f2,5.726617
baae1f7bd8567b6f9e220cc863c92124fa71e1fe,7.119015
baccf806cbacabe5f3a91ecd093cf36b4db436a6,4.8685875
badea8134ecf83e912ac6628ec12465e227c1e6a,4.957181
badf8b0a0c342afb7e1eecc4fb19feb7ed28e180,4.2995667
baf05c058d7a427783ab9bde33f38d55ae8ac0cb,5.0062656
bb603e54f5809d802fec4c70df7b2c29a5125a89,6.068988
bb6bcc05d3ef04c14c73ce93dad8c9ea60f5297b,5.6285734
bb81a7f88631b987cd15c8d539e806ad17a5b664,5.646684
bba75421c48ff666a96646bd283072492fc712ea,5.2472477
bbaeaab91cec9991b4747c8ca3fba0981bf68ad5,2.2203963
bbb7c8095658b847103c47aa2a4b55440b0e9ffe,6.5335045
bbf7f2c725fe4c3e0eb56d29707437d1603b1c56,6.7311583
bc1f0dc5b937d54fa64e44c1e4e0de0e5a4724c1,4.110908
bc54069a859b02cf1b00e7ab77d68132f9021c8e,4.9394727
bc8caaa2729aa0c9179e8d66388586a4a8586f20,6.970178
bca16481f37f3534abb04344ef1855b0e56140e3,5.8464756
bd18fefd95851483c8aab15987fec421f92523fb,5.6053605
bd53f29596985f567c39329a8f8da5100810f0fd,2.545041
bd81b591d06c4a726078a831c11516d6ee27541d,4.8687673
bd9bd34617afb5bf1f3ff27e575c4df427ac32dc,5.436677
bda97a680a69285ab84aefb75abb53676e7f6b55,4.446404
bdc3fba009b4d570355de5bfedfb6766746789ce,4.8666368
bdcfd5ee015db872058dc442ab9d3c72518366ff,3.7821543
bdefe60060197430834e27ee0ecc1d775f5e2b89,5.7392864
be40efffa2a2ea77d3d2fb0cf1f8dd6a8da2b287,4.3929815
be6f4f4f657c80883591c6749a7951f9c992e4b9,6.457297
be7b5a55c3a0343bda6a2a6ad09c5cfe8714b27f,5.266135
bec0491f541a76e4fa31e17842bc573c812cb528,5.1539917
bf22fb15bf51bc4bcf3d50f7494caad62a596d0e,6.7526345
bf9e4a55173e6e65b88bbf4f18744ea043b07ed6,7.2634635
bfb055d2c2ba396d5e6bd6022719b3ade1cd1407,4.337595
bfe7f84ef78bc0134134fcb799465996fa84e4b0,5.992161
c001ef5d0a98bae288e504e13db2f1d4533021f5,5.4265275
c047e3345530b4b4634715536ac54cec9c756b66,7.8426256
c072621681c71501470509aeb1c51e3f9f98df5e,7.9887624
c084f1399d2813131b70acb3920068a454cea6d5,5.1166997
c096fc1d9c0ad8efae9cfd509f75522c50603692,5.6459823
c0986547994c0c40ee739f045a02e1ce427ec132,4.1638274
c0b8f55536e05f6da91c3b65ddfb69dc8daa12e9,5.4314947
c0c13857d74703fa66da743d1d670bc2b9957f7b,4.6413255
c0d3079f5b83f8962c439707b96c7ee43be2ca18,2.8089478
c1287b2f156f6963bdda82942a95288967e9422b,2.2065856
c13d9b5245d8fc600da9390192908048857599ea,4.251854
c15e04639eb35379bc74fd289f38b1c9d21e2278,4.3749104
c162ce77f4002856b569f63b1e2b58ccd6d961e2,5.1627293
c195c2ea359350b81a96211ccb40d03fb0501e7d,4.2976136
c20545cf079fcd100052faf6db21ee865023525f,4.312329
c21b13edbab3d247c8816a374ebb57ef71700952,5.3315525
c2660985c0dbf52fe68f7d3620fffa6ff8f2794f,5.831733
c28a837bbc21a0b6ea686c34b12a7e6badbc9140,5.6872063
c2ac862e74879f4b60191f0bb1397eff1e157c8b,5.705797
c2ca84eba451533cc357b9c82cdc4c59227ee38d,7.196333
c2da78b847fbfac6920b3c5a2086c79b3a2db8f7,7.2528644
c2dc9b42636e453c1ad8e7a5e490654d39dc303b,4.915956
c308727c618e21c478dba676bcea9d040d179f99,5.389575
c3127c3c92a3d510a78a5248b4e7fac50ab81e0b,7.231981
c32840e4bedac9715b49ce3f04b3dedb98007cfe,3.2460773
c352dbabae85680f4ce4ebf67886666ce47edade,4.3649673
c3635fc4a7b4545fc6df8dcad81f86d1e08c66cc,5.878408
c399382ea2553528d9b44a9aa6492cee7cf0b5c0,3.875991
c3bf932c28538beb5024e80bd06e09c44661c8f7,4.436827
c3e73d0362e2b21fae6edfcf518063e8a28b7b63,7.291386
c3fdd44aeb469416e4895afe4040e54eebc23db5,1.7904744
c41c79391cd0c8816cebc9a0b4ef1fcc5c2e4018,3.834419
c4504ac02ad7e7e0c9ea3a1d78601374e483fc30,5.3443413
c45bf22121eaa2f37dfec2f58729d22394ea220a,5.1253324
c484db51bb8e5e6218578a71ca541b135c2aa1ff,5.667827
c4dc23da121e0654017198804449e35b2e9c2027,2.392968
c4f595ca17b4c13287b0beec0dbd45d0e356055b,4.2669377
c52befc118a44669cbf7912b419dfc433c1c0eee,4.805073
c52fc84d8cd2335788c472ff6fa6b3aaaa8f2252,6.5153694
c5b963fdd21435b56c4cf55f49d652d92fc83093,5.3535986
c5d903eea354607809419b5e23c869ea16626a59,4.7509923
c60be70309789b39355dc612f36e37090ccad5dc,4.269012
c667e08eaa5cf47dba38ac81da9c185659db42c2,7.3768063
c670d2529bab25c82fc7c3757cb11e7f2e404de8,7.8011193
c67df30ae6cf151f19df3e36d15f0361619ed47a,3.795318
c69dcaf9e10f52b187b13e678f9fe65505167720,5.604277
c6b1b85455fc8ae7de258ff95875644d77f55254,5.5965905
c6e9fd605b75a5090b1879635a6db8da08b8a600,5.891662
c746678029d2139e7658a0f94e98bbf09f258673,3.068103
c757c72ff79910b22c548daf9067d6a682bdbb4b,6.5370326
c787e77b224890e7fdcc8e2ca0c0577657d98581,5.078795
c8332f72a4f6049ef2f28e4a0fcbde9d142c8591,5.0156145
c846650d2b1b4a07f67e13c5aa56c15185f81f15,6.716569
c87d4a1dca2349d1fbdff1c6d6a57708c1df793e,8.078452
c8944ded19113906cf130904726028c5c1a11138,5.91853
c8a8565f00553a00a5d510958dc8c40a4a477783,6.5439777
c8bd30152ccbeebb18f9b1fedac0869f845980df,6.9886503
c8d7193cba58a3bf26ba18f4ba5728c56ddcd4a3,5.9433355
c8ea10d959a7c782b45e6e83040472d432fa448f,5.32078
c9c6d1fdb1bc64d7137f0fb7050e334cbb7c0f6e,8.195139
c9c9df2ea1ddcc10cc57d4e1d92b2f8b33d94538,6.342711
c9d7b86399869ced995a6e467a257c3915339562,3.680096
ca01f93cb3384006f7af5de96bc25f924ad8bd14,6.2265277
ca3bb5c80bd96ba545e0a42232c6fcdb55f7106a,5.5659485
ca6829e71c271976a4eeae12cbba5e49f232da3e,6.8473544
ca84b66fa8d2c26e91bcd21dea081bb062e51711,5.735127
cac291a9658d7ef15e1ef0c71b188d96eec19ad0,5.9809594
cb0f9c7be617b2bd18ae83ee9e85b621cabda67c,4.5036
cb16d181d96fc8c94f8416437c059b5f0aabded1,5.870772
cb713a14e9dcf23999265a8826e204beb646626b,2.634003
cb72cf616f3cafed458ef94be529c172bbcc5277,4.2011013
cb7cbbf59876001661704aca5fa8d70467f514a6,7.654241
cbb7db3eb5270179fe8ebb9e73dde2c894c9a971,5.8886147
cc1f8f78f5ef5237c717194b38699b168c265513,5.6004014
cc431fffd568a0d46d302233b4d71bd216fa94f3,5.233016
cc818564efabc759f8cfd2e978029ff6125406cf,5.2431283
cc8edf9c827fef5ead4c85eabf96ca7033ddf165,6.3241725
ccc7600e812ec5b6e75a9b4e2b04f00a48d1a9dd,7.473461
cd1c8085cc77aaebd3c527b4ecae7e9150ce0d77,5.2404075
cd2b912e4a3d661cd4f500287d3bf1b4f444b7bd,6.003292
cd2cc30c2a3c6b967fc897beaeae9d3482163a21,7.898574
cd32daa7c1ff3ed117a127c9c185c1b53a396138,4.537069
cd6862158d54e5c270e8d4bed99f73f32a721e14,3.9046402
cdea6ad7a63edbcba925717a8c64328c255a0450,5.9264655
cdfb7ea46096b2a49dd710ef5dfe7bb354cda15a,5.154848
ce201bf315598feafcad345a663284bc266862c0,4.825193
ce2f2072bf32af4582a24726936af34f88225213,6.789394
ce3ad9b28ad26a494e6a196c110ca405402f3e9b,5.3696113
ce56b4a23981e6c9f70e87f087bc1be07fdf25cd,5.0307803
ce5a9a38579b80879f4de53eaab2d0083b685d62,7.4556584
ce892387ba13c6b526d18de003b62c1bfe4c125f,6.2959695
cee203ff00aaca3eaaef780ea6c4a68a3f8fd2fa,6.6716595
cee41e969faac5fdd054a726b10fb09228eb7061,6.66408
cf4bc843e5bd6ba302b1289af66f383b0329d6bf,4.5761013
cf5422ab2f6793f4d5930d2901e652ed7dadac9d,4.7570405
cf6788dceae33f7826997b7fa99b5189cff1aa4d,5.527509
cf84076c807f395016eaee41297162276781b963,7.2235384
cf8a26a2ce3ac2cfd81a1050e73bdc7a4cd225e0,2.1238167
cfe62afe7795494a49cfaa46bdf17c38a3c0d284,7.3122535
cfe97f961ec4d2fc578ef0aaf87f52c54a9aa181,5.2098174
cff1765d7a97d3f012a354586ccfd49fdaf6aa44,4.058363
d023d3790457d12ac59581326aff1a396b206d09,5.7704453
d0561a58b05777ad43db1e0627d8770d37c48d5e,5.6769366
d06025e3b7e91bb8718335f7328466206060faee,4.4926934
d08b1608a634fda68fd097f278ce9fd4ac24046a,4.9212694
d0d3472fa981f90d8e6d036dea4bb627c73b6592,6.914843
d0f28e44db91cce7caff1db428643300dfb3392f,5.8427362
d11774bd10cd517b1cde216ca391e76efaf59b44,7.5295796
d11e42daac68288eea95d8923771a326e667b520,5.2145348
d13ea487552242f9c688d613dab06ea5b8a867a1,5.678812
d1e238d8cc58ceae3359c94b2a4a976a975fc9ac,4.976637
d20b8e96e5c520827768fe614961d0534c6f2680,5.407587
d2491eb9351f861cdcd439fd5d73883a6d681d6a,7.047676
d28c344507f89c41df926794e0d5a96d10349014,7.43353
d2a2d2ee79d993c9821f176d9a248223ee59b3c7,6.6356344
d2ef78c03149ddfd267005d0dcd248adcc227e02,4.504725
d37f552ad5c3e1e1c3fc9aebbea6cf50e1b9f334,8.080767
d3de05492e2353a5f3a80b5ea37a6de4651923fe,6.998744
d4707fc4aa22e29062e02639a1b8c9f7ba3e6b65,4.615945
d4a08e7df54afbd81401faf2e0349e88ed7fc2d9,5.660464
d4a5c57c98a9d8e16b1dd93042d22cc422772b0d,3.719474
d4ca57e34b4e28a3a0c73339e0c72db036894d3a,6.0512686
d5155526fe2b5c2b956687b34d478647ef6bd092,6.1910777
d5179819718a325ee33fa2096f37995ea6cfea8c,5.558791
d525d6edf4b0c6362ddaa4814c3930a6a62bdc99,4.8775654
d57eca033aa6388430166086ed3d0390ffefa85d,6.5502715
d5841f944022e9ef49bf6ac9b5546dd82ab2784f,7.3635817
d5cc23d9ca216f0f8c6e5ada7c4e3284a3920958,2.3431768
d5e3e0d1ec5eae8e2fc08b9c3607cc766be6dffe,5.68401
d615e34b407b1816d1ae062d56a466c1d17b68ae,6.465199
d6515d627895751c832a3075053719da2f5e6cef,4.440968
d66918b05a4d978f6aa15979c85902d09babc898,6.019364
d66c55f4502b462e88d4529dd6b4d167fd42d165,5.7770905
d68718e7e9140ca136bf5e39efd7c122632ebba2,5.224833
d69d2c6bc916b8d054bd50f4270a1c6d8cca1426,6.5192504
d6f54f87ad964bd1cea20ffceea962f8b6236da3,5.470516
d73a15bdcce722312152f547cec67e8dd584a6a8,6.9749103
d7a319cabc8e30b748e2beca44fc575fc83197d3,3.764294
d7af1840c8914a381ffae4617c33ab76833d9513,4.537238
d84468682013517fdcb3506ee81783dcbdf3bad4,6.5878997
d8550edf3efaf335a9648aec7584ab6acb55cf30,7.1327133
d8ad4586476ab6240c0ec83f3c12cd4cc7a8f622,6.299465
d8cb6954aff8cc17b05a205c949f36b46493eb8b,3.7198112
d8cc02c7b6d2478b9f6d47664272c43801d6d9a9,6.615374
d92840812393583b0f053de80ecee59f5b19bc03,6.8150506
d94808bbe3e5b3ffc39c8d68e0eed70929c70762,5.1708326
d982afe8253215b9a75464a85bb061d5d5f7975a,4.268448
da37e77368c2bd5a7a9792749fd6ed83e05e2515,6.1348777
da7fa747f59ca321b48b414b2f884d027bc961f8,4.225351
dace1e5b88ac51d7bd53523ad70f8d5d188b9368,4.4076138
dade8cdd2806e1efa138e68d984abd0ab1c87ced,5.815484
dafd07b7aab7dad9894cee44cad55efc89255614,5.2543683
db4c010c135d84c00fee816a085360bca2537594,6.7892213
db5924e7ed00c9136308999827d50dbcecae5091,4.1302943
db7c4fbff4eaf7b21678b8b053a0c3dcd74dd2b1,6.0983405
dbb0e3f3c32292438fbd39684d9f1ad153bba64a,6.4792314
dbc27d6c8a04413d73a885a7b2c2d8db605504fe,3.7715845
dc5325f05ad384cacb2431acfa1f398913151afb,6.154478
dc87f8c4ae8953d2d0bcaf1a08239547d77cdee8,4.677665
dcf7777f614c11ed45f8ff82f2c44d7dd15889af,4.4453707
dd98462b95687767f50edcdc4758ff5237c0bcff,5.392091
ddc549a4ced606b9181bc2e6e0bb75824fc20f70,6.454572
ddffb03cf0301334f5a2f89626640fa8812bde5c,5.821948
de163edff457321dc540b375c7b316c7f9fe73cf,5.972076
dea33f83f3cd94f54f1063a0cd22eab07ec8d3cd,6.603566
defaf0c38d68f9958bd180e1a709f130a999b2e6,5.449964
df15664e980175f8ee9ea6687b81c59f3139406f,5.841622
df17da01944f34b2a6b59e8d45407c1297f9834a,5.370598
df1a661311bcb75b3b3c258c46ab75819bd6d249,8.000829
df42fc345b50f42b32dc5f9df420978b1cda663d,6.5003176
df8fb59599b421d91967aa7d053fa72e91e4f6fb,7.5071707
df90d9da415c30c25a16e21ca85638577961e81b,7.199965
df9e2c6cfb6035fa5b26af3b101bacf64e95e913,5.1654177
dfc34f90e58f60b101c824e10d74b8ad0c46a2cf,4.81718
dfdeea1cf0b4fb6c906a25d99aa5756efe14c996,6.248236
e036815d3a8d88224e7e8a95c64ca031dd5b205f,6.27696
e04a53abed6db648ac01e162aad84ef8b608365b,4.9571943
e07c3edba3602b0d172c2db763539dfa9819027c,6.706009
e0850b1bd8f8de58096da128ec94efbdf5f05ca8,4.549114
e105dc9d8869af3a83704a5d048424441ce4ad01,5.544888
e13e39c815ec66160db3c75b7331dc1a0dd1d4ce,6.161161
e15002a49ed03188f18c7a791c458c19d1ec973a,5.061599
e1d3226bcfad8043e69d31f3d76e719c7f041d3e,5.9175706
e20abeea371227f8a6318491ca3c0211afbdc1a1,3.7594562
e25991f3bf474e9b542b09aef2407a78f3ffc61d,3.138188
e2670654203c6b5aa850edf95ea9e293939963fd,6.6758566
e299749491b5a979701f0dedd4467ed53aaf7c7c,3.7882001
e2d88e3ad6275b7eca2bff120e467f9158b29fc5,5.062147
e2ed5ffddf1e60198f9f138810f84b7107ca0561,4.609078
e3919de46ecd1f707451dad4a1ac88e5b7403f11,5.378833
e3b9460f9a4bd3f4a5243f388246084f41e0dab2,6.35011
e3c9abe5680cb3851ac38d00a01c46f58b6aaaeb,5.9141374
e40337a34c269120bffcc76e69700d06f6d716ce,5.3009543
e45204eccdaf94faa580c54b1fe1289c97b1f56c,4.179487
e460fd665c3f541f48ac4503abf2e90b9bbb3b94,7.121304
e4935a868e50ec1951f892af50e2f5886c935919,3.2302563
e58eaf39ea458008043bd1472f267706524f1fc2,6.23041
e594aa5283c8b2076ece870504b4b6b2e9c29ca9,5.673798
e621f4d6991a537e4508648aa4c3fc278091ec1d,6.005422
e63a9cdc387a31ea563ecc24b20eb824a8c54ebb,6.808266
e659bb37740950badc7fac606f227ba5f74fa866,5.07958
e65a627881df5d3e0bfad77c56221d858da5ead0,5.3568263
e67fff49031a4f2699f10d6a2dd89b4cafc70323,6.796123
e6900f649459ddbd9ee38b93582378162c8d77ac,7.409766
e73e06dbdc983d0a3ccccdf754b85603dd0818e7,7.419619
e7b94e593e93b6fe31083393cff1d63ca2142b64,4.9833884
e7cef9ca74dbf2dc906e3216004a1b5e6a96e241,5.850915
e7d0678e66dad824da63837b53bb0bb38a571f42,6.3040404
e816ed48800359bfd078c1444a40e00be6fbb5bf,4.822553
e8335df6f0ac481c6ac16096889c51cb95ab2f6c,7.483679
e85a79ca1bb1f59951efb5c25e40e0ee73985cdb,5.440278
e85a95e2eddbdafe7db54351ce3680933e09d0a3,3.6282616
e873b044ecba72370076d7fe198eeaad94bef3a1,2.879093
e89a4f1825ece62064e95e63475769011258af36,6.827493
e90cd427d5e229999107e56e3f06953f3108635a,5.656467
e92f3d3e5a00b7767c239cac14b6d9fe92d5ef9b,6.1133013
e95d7442ab6fb642a8c3529ef2fc8aa25a774e13,7.2503614
e99d4fb3ef87d5e201da3b08841541fd953af089,6.2997437
e9a8e1a87eb55c0dc1787fcaed22be98d9cc1ed0,5.895604
ea0a8f0b0b712337c3740e6ad5293f3dc47db568,4.975082
ea2f8736bbf1d859fb5b46f848db37f421181bd4,2.6017966
ea385e57f5d3d6841a6997dd7af680e135928bca,2.5702138
ea55b410ce0e38664c6597e4bfa09fce84399461,5.0817957
ea7332c6a62cada8a8e85200ddb71fed941ce876,6.302292
ea79d40b446a3660b4d0b01e53fc4a14bc18f60e,6.467757
ea8f19a7914d05412dc4159108d93d42a675e2e8,7.835714
eaad1484ffa24b01432fa3564a8635bda0b4c34c,7.6877646
eadbb37222d32232022838b7765dea96bf38e0f6,5.6260223
eaf60b6a377c720fa7a13f97831f38531047a217,7.099873
eaffaa19471bbf9bba8fa5808dd0904474089ae7,5.554123
eb001120a0f842e5bbfd786652695628bd65090c,6.697124
eb2a090421ba380ba6c0a8119510e031bc4e55ea,5.988426
eb451c65ea210bed6af798282c2c6205c79f71fd,7.016708
eb46bad8df84ccc42fb7bc9cc3a218247777367e,5.09789
eb7470e41cb0d50314e9755be518f55b093a4975,5.452749
eb83b2280e41f55da33ed81e62d7b8ebba9a93f8,4.047081
eb870373b64f0be961f503936f7a725fca60fb32,5.3514156
ebdfeac0c48444c5f4fd377145b2d97e12c78cac,5.4123673
ebe0702c8a0d906044fbc61cf18d3f8dc9aacef9,6.5701027
ec62a3c21a4a116991338ac88863dff35157a1a7,4.911359
ec7d2ce8cce8253208e8d0ae74991b46ce2eadf0,5.7668576
ecd66b9bbdcc6ae1eb9a6b765868cba3601730b6,5.641949
ece9b75bda9d53b5a67f7bb53b5635a3df017020,5.225749
ed3e0c98995edeee0b0a55fe15929a82097e93fe,6.2600055
ed6c052a16794cf2376b1497c505b438e9af69b6,5.782437
ed8ffb58d172827f17d1abead83d9b8c44b554df,2.7710204
ed9eaeb6a707f50154024b24d7efcb874a9795dd,4.7556357
eda32ee9ebe79ae7f85927db19cadc6199752dfd,4.7909975
edc5737211dd036ad81985e117aea3ab9cbc030a,6.083711
edc641c842df448a70ce315e00b6dd4461a260a9,6.0678854
edcb11b4746d7b8056929a37a11e81b0fe3202c9,4.3837914
edd78ffaa7bc16d94ee6908b98b3d9863f492c89,6.0251985
ededd47b1e0c18d4af4ad2b0cc21eebcb7c6e6b9,5.7193975
ee30201b0b1261fcb6cf010787990ec87343d300,6.8288746
eee2c3c453eb64f9c327f09e83be35ef36528101,4.3945985
ef02ce9a2a904477907fe9135cdcbf1652180d31,6.1035185
ef070fa973803bec505aeb6230acdd7a917e2a59,6.1781225
ef5d4cc5cd7a9d46f3e31572d97bd52423bae4e0,4.9051166
efcf2fbf26e74d0af378d96a168c8cdc05c42a84,5.084624
f01795183fd859bc35b074c06fd58b5e6623fb03,3.9842162
f01bb96987327c1dfec6ddbc980cfd85650f20d6,7.0501924
f037357014544261767c6ab5b172b246b09d3ddb,5.258426
f05838da14ca1dad97a5cc0c58323c6df9153257,6.7754774
f0be3049c99eb84be5aae5352c2f0ccf661e1f43,5.701662
f0cbea39c26f2cf588e04885ddc1a439564bd782,4.314095
f0d74f349e6479eaecf425634f8b0dd51e60d60c,5.4054523
f126cb73dbad037e40b322f82b6f40e92a15a595,5.0808434
f1299639d65fd743440958354f22154e171500d0,5.289672
f1302a0b13ef669e0d797c1d4106355cc43f7144,5.139642
f156718d3970030deec27298f56fc78a00c00f5a,5.719433
f18c98fe93f825e2c01296bad47dc072ff70eef1,6.370457
f1fb0a22c3c46fe87eaf8bdd97d80ed51436f782,4.916264
f2418c1ba0f63cb975e6d8c26ce4a145b11ad924,5.0854826
f2c6f4d1250f2570b4dc5edfa7d0952ec4b7194f,6.594448
f2d54f193cc71d429fd5803b2e4721d012afe568,5.5214257
f2efe01b5b7d2613529468857009a02a3cc820b6,5.5811377
f35248e9e95942a05313dda4f3a677705d8c651b,4.237735
f38238ea1bfa182b81a7d73d563b61dbf2825754,5.84168
f382c8f54d9fc494b6d8cc0751f694f0acbddca2,6.3015847
f3a603f5ad05ee8b8374af6523467f1ee058959e,5.70876
f3a7769633f8060ffee4a0295c55ec9be084e3c0,5.382078
f3d6d22e76fc586bffc4f5ac1d73f096f03efa0f,4.9433584
f408354e704d901dac2f283fc8242d2787ee4813,5.548058
f42621bb38f167d2de3d662cbe897f5fd1234aa3,6.14753
f4367a0ab2083a66a5fa812df89e590d3fd3b5a8,5.687497
f440f5463ae218aef17a60e9f2ffc7dbbc45dc54,5.1963167
f459440c7a99294ca9763f332cd9aa09b0c280d6,6.3625793
f492b1eb37bae60ab4597c161e7b67d9cc9e4dc6,4.774066
f4984561cc406867aa796356b6bf10a2091e67fe,4.815853
f4a045088bd0003226023c10214248049d9da90f,2.727562
f4c3f24024c2e96ed13a845b5ad7213143844d9f,4.883937
f4d9301713b16c13c174f19e18d0200175494a79,4.7017035
f5674c61e82766371ddd913c99e6b70414f4dd55,6.3246007
f59fe9b15a7762aa5ffb0653396da3f4f2536553,5.9670324
f5a2b63a98287f49a07f6101717dd4c1048b9903,4.1240187
f5ede5df58c2ea59be6b8c8097659bb8c2e9d0e9,5.443722
f639cf4aa4008b2bf51b274cc01dede03666150e,8.197086
f679eb92d1581b842e213a6d2a8a74a0b9ede984,3.1792924
f6c974c003c063735fb1afcba0aec50acdb89861,4.8162365
f6f5b15522aa9457158ec6d7a16caaacd6cbee42,3.9289446
f77371745c51f549f9a641110e52f255aaed0f10,5.448509
f78599d53dcb621a631b8dbc0feb5dd63e2aedd3,5.655192
f7875ec1207504a229cd9b5ca132437c6bdd6a4d,6.8866367
f7b65fa8dfbc07f71d9e206d1e1fd35b986cab65,5.122104
f7ce1b89f61b8a40a961d7fee02ea31d4b27583a,5.623185
f7d331120e9b3a15cf4a0028849bf050846d5d6a,6.872928
f7e7c21b753521a3f4eb226d9c69d71214e183bd,6.088145
f8526194e3d9450a847706ea1c474c9e1a65a3a4,4.947667
f861873a2af44519d0c30b7b390257e28084c360,7.0388536
f86b9fba1d59be7c864d4f23d0c7674113a27cab,4.934547
f8da0aad0792d4f2d30881abdbfd4029dc264842,5.515143
f90fb4df43d85aad3ae9602aea19fdb4f47de984,6.2939177
f91758fe4f441cd4b7b053a03252b4c50f3d4737,6.8509245
f91b376092344f19705df8873d25aa4a34bafce6,3.519353
f92e3ec921384713419dca56d1fe2be1d51f1b54,5.472546
f944b947ec651ccf64807b644af38c6f04229bb7,3.7570996
f947938c0e7c1345a488d9f17a74331ca6f478dc,4.8017383
f9491b0ab4aee90c428545e0e315a3af1f827595,6.6206985
f97b1dbd007f20fea2e262e62433e01ae91da602,3.0771933
f9e06c04dc036b01f65e7f71a9201922f201dade,6.2339416
f9f4d4ef2a3de006bd037db9eb160ab8e51c79f2,8.223778
faab34a8374299678ccf4eaa3628cdba3b65bfa6,4.257671
fab22b3c9fd685c26953a5ffe073c4aa2a788c7a,6.1562104
fb0a2834f5f131005e12dc1962056623ee6a7188,4.6214886
fbf5d7997f35a05b4f296b7b70b08866c13db856,5.451024
fc4d0cb084cf3b98bbe820a9fc36fd437940969e,4.749277
fc83d8b4ec86934a2daa128311afedeb0ca5fd50,5.7132425
fcd6e54df612c033e7a465155046b5223ca4eee3,4.3490434
fcdf51cf37b314ebc57038046b859b3172117f4f,5.9103904
fd29d68d81bf469540c56ab7074ad748cd72203c,4.9059105
fe31861a03511f91760de27adfb8803e8ad321b8,2.9729402
fe4316169ee8c83567ebc52bc629912ff65f14b6,7.16775
fe516d090eef192c93197ed87878da0e23908140,6.7034035
fe659e147194c97b69278c8effb4041297398009,4.7379203
feb8a2859a011c59efd22ed419cb69288fe03627,7.0014462
fef4a3263ed9a8ab14d457694bb8fd86ccd98312,6.5595336
ff12d6e2ab80696ed8e22fbe5497e96c68d29076,5.832825
ff3fa2ec64294f37ae968159f810ebeda7966c51,5.214425
ffe872165621d735a48bb5db0c71dd5195cba359,4.747416
