0134f9f410c65ad0e8c2254a7e9288670e02a183,6.9014654
035f97702f2c01d26ab1fae8f39ea2f98a0caa3c,7.176936
06024da8147b5cf6105beb4c403f67cf1ff0aea1,8.679712
0aaebc88f6106684d6993c156104c1ef36cf94e0,6.7103925
0bf111a9caedf02804f6991792490e63bc21058a,8.593201
0d815307d5307124d148bbebfb41497230c4bd15,8.147998
0eb93817d6eb3d5bd3e44dbc75971eea193b924f,7.905471
12887fd9a4df4ba9b88a71f3fb1d2502a75995dd,8.779595
137ffd846ed245676a14f1d5e8676a4ef646182b,7.2143407
138c5848f009c004f0b8e2379316d5ec18332ff8,5.6320176
209d7c77e7a150b6990a3372f7cb24da0c0e7e07,7.667417
2383a9a33025aa8759fee9a890f6420df0fc8b47,8.267413
248ff20c10b7d18c30fc84ce214936f5bb440e6e,7.900992
2855b4b4d03c37c94117e615a25e0e321ec8d77a,8.013763
2fa311a94bc0da6d97955730d071ad6fcc770bfd,7.6303134
326a025b5c23347b9eb2c5ceae75a5908a461f69,7.566768
339fff79c43561c995b29972a962ccec846c599f,7.3447227
36dbfe4759f861ee72011812df2178cbbfd736a1,7.4295177
39713cf2db02601e4bd6360ba70f8013c0433f48,7.0444355
3d4f612148056feeb651f4711c1f640f5015101a,7.087349
410357eb9129023509cfaf8d38be61c050bb3b05,4.0365486
4dcdd4c95ba88786172619ebea8aad4ec757a150,8.430756
4df58b4a53afe49f40e1c054f9a2e8553352e254,6.9632406
4f571f241bb2d884216b4712cdcd482e310a718a,7.3942084
508e0627871ed482bd8ab34544e43e5d856a889c,7.9528685
50f17ae2d9048b293cc969aa8668b365f9773f1b,6.558512
5235e36e00b0e927e6ce9f6f771ef92915857989,6.951703
529d7e5b25e40c18bb7ea49be0963ed7f3e288ea,8.472499
541270fc6468b9399001ee5a8bfa0cd380e1db60,8.72599
549b4b9f5408631f8a062a6a3b71c496646ee0fb,7.487579
55ef1cb9ba9a618396f8f82aefdc261d00864381,8.283613
5b023883ac089df249ef06f7c8c4398f37e1c55d,6.1451755
5c67cd01bb445f9b80d30f2c551d0d42776898fe,8.925997
61c0c30e1af44a3ad57880bfab7a88591a434b92,6.5221148
6434afe6261c6f3f4fdbad511a2db8ef090f8c07,6.863117
67212308d026508fd5b6942ffbbdd7b0be2e89de,6.605027
67f697ac574661dca982dcd95ba358bde5b48a8e,7.248094
72a34636b5a1de1c3796e43d5abc564b4d0803e7,7.1826334
737dd3b5a70f36e8bb79f4c5cf86c7ccfb1e7d55,7.980916
73c38d8466f153b974c09c066d1469f63b856d07,8.563963
73ec1e02101d9e26fb75fe8580eec218d09ba78b,7.115094
7494b38c6d82b590c4afa6cc975f583f51395177,7.139878
75ef6c3aff156ef52aa846c2fc3b26271e50e335,7.510594
797c7c555f32a47816ca7f0c017002a2131c132a,6.4012094
798e6393c36bd3b6dc0a9f97de7d4c87a6e5b252,6.825571
79fb09750bdb85310622bf240e1060ef8de8bce1,8.003656
84a17972cc6d29489bbe205a9e7feb8745726fbc,3.5049691
84b6b2d70924066c8345f2bc2281791ae3188da2,4.1840453
851d9a4b9b8e236f2d62282ddf06fae57b7d9492,5.3425903
8531dba6dd1818a4e3f3ba5e355e1e5ea9276afe,6.097923
8554d1155712da4bc72ec5921db3227311265359,6.393095
8576d2d269326a29503a1763996227723fa531a7,7.1320424
85838695003ef753ce13327655b84defa54d6eae,6.0421267
859c3b6fce7256abf5acfef957e6c04134c01e4b,5.8695345
85bebedd9d4605ff6823f6f25c761e64a588bf22,5.9964705
85bf028205803eb9b1e5494c540ddd2938606606,5.9048257
861075bc29124627aacce66a29c6dd835abcf3be,6.3937907
8674a295a4ae610ccd77b60cbaa692db6a875761,5.8240085
86a7e49131f2acbd350c4b0b9a2243838bd4e122,6.7803497
86adc493a1cc74328222a194a1d1e3adf098b5c8,9.268403
86d9a98ab0225d2c2faf6d51fe3b9fad194c3ce3,3.0342307
87322721181928972ce2b67242f61ff23275f3dd,5.099698
875e48fd13e52a01a4d48d745d72128f25b9ec81,8.571107
87752697bce404c9b410be71a45e76f3c7fc9392,5.8708844
87b3a5eca0c70c7828168756cd7813cc8b3285bd,7.555297
87ce4212940578f8ab9aaab4616b104ab515d4e9,7.516488
87e4a8d6efab19e147f510e9b5d10c0d0ff5845e,7.4456472
88003ba023714648c4312658ad9a4b3703e56de0,5.561818
88188301e8d3565c7f1e2cee1f9ab8794676216a,4.476503
8819c6723e6d42ad569274ebe2ce4212fd8621c4,6.0900893
884afc60bb87e1f0d85311221487273fc5d13d13,5.2832747
8866a6da23ad8a2abfb243905e0b5e2c98e366bc,4.7249675
88a694a270a460f5a09e1e8c569b036d03b9b5ea,7.7250295
892240639d1170ec0f4bb6248ba3e9bd390ed089,5.019285
89521736c16fbbd86315c3f3c555132aee8896ae,3.9799526
8960e95f79cd20b46b7e8fd09d0aa88015566a9a,5.6804743
8968e2c95fd09b05d48b4b094529d54d06bf6da5,6.137156
899bf68f741b96e69c8b1d6bf22fd86e00b7c00f,4.4293146
89b7eb7ce1dccd4f6a7eb59017ac455cf1e57766,6.5322976
89cc639060f3d63cf21d893882e544497e32aeea,8.65606
89cd14d1bb26c559102e9080a85ffa977cde7fda,3.718097
89d4e10b3c250c027e108d10ebc00bda239e7e39,7.195049
89fe8b96c04597a0fb63dca3a86e5f36e7580940,9.583212
8a97d52d61d704e77f82fd7f1161d98054f48f25,3.4354174
8ab396fa5981adcdc777254c57ea744f1fd4cd2c,7.1908426
8aea6c59a11267f4143312770b4c84a2be56f353,5.012128
8b158f3040b574b6d08148e24946fba8bbdc29ca,5.172782
8b2735093e532de21b7aabee43b9c76278bdd5cb,5.2510085
8b3f8cb80815c489e6278cfc1a371b3bee3f6e1e,5.676592
8b43c7696dc13421431102cb4385363ee33513e0,6.707938
8b557374000feae5ac9aee7b4078bfea53176ffc,3.316357
8b65dcf807a9de0c95c0896919da04523176fab8,5.420867
8beffc1494bb81af08c352aea875a183e45bd824,6.7301073
8bf27a767fce0a5fb359059183d06e01d62dca8c,2.7700627
8c5d6de5fca9e769de9676c911d9e082ec1a9fb4,4.0975933
8c6976c873d2ab3f4af9188a4189c46a032a53d5,4.8813734
8cf96ad1e77c722694ef03a06a781d61d632f2c0,5.805051
8d0a196c1c472a4601384f4235f293c4a341b3a9,7.897554
8d14518288c33c098206996aab23c31b3eefc864,6.5166755
8d65a433657534866907ca34885953c36951db06,7.39179
8d811d7887c2c868b631a2bd296412bde2b49bae,6.900586
8d9b19c2ff7d630d2d48932f3c1d35aaa97ad51f,8.457813
8dada7632816cb20f182c306ae74184ea9e056fb,5.1711254
8e20affd5aca29391f582b7dd756c83205297c11,4.4382863
8e3a076971fce919b1a5a0bc62dcef86264a1c24,6.8573327
8e5fc3c13f17c0502fe3f0a8404b461b46183f8a,5.548913
8ee77ba42fdd6aff7a9eaa84d70064c4cb39cdc2,7.1940355
8ee958ba68793684a9962e1b60847d7b73d7c9d1,5.736048
8ef999ab1a83c2760064ac6c7a4b6c4115c5a186,5.047797
8ef9f17bb904f437ec0a9849d820ed0f86843517,6.080821
8f19ffb508b23f955b93ebd99153f8ec99025785,5.1928477
8f7402db46b9b2a95aaa8282be9e471a3ee659ba,7.2515445
8fa7abd9421e396273c3571b177340434fc132f6,4.34917
8fdb7157f90753735edf97fcc828b75e6a8042d6,5.4529138
9038ddd6c0d498cb8c65b4510e99e8527eabd40c,5.8659143
9081ee605de7c5e739569f3f829cba953cb918f4,6.541862
908365770c09838aa1bc1874bf3915779910e775,4.873816
908ccf9bf5e0e7ab597a09fa19d91b1a5563b43b,3.5761378
909386947a62f62c8b94ddde0b623b87c01e2524,5.141824
90d54808ce52c41418550421c387818cae759dec,8.475504
911315669fafba0a06cdbf08da7cff7e81f49759,8.076676
911daa5a6058823b007274f35ba038da7ec89a11,3.8575368
911f5eafac3def56e71836d495b740cd059edbcf,5.680973
913eb5b320c3f4b475e8064303960997b0dd7a9f,3.9635339
9167062812b68b140da9de7f824ec6131ef31a01,3.7548015
917f1aba835e5d7e79fc124c1d7a3c8c2588cf8b,5.28987
91ccfc470d803af51ecbb91da39db5592e3a3324,6.9711437
91eb4058d0937eb5499d0f6b2a8dbae6f47eddf9,5.3202586
91f7019ee1831ead0e667cf264dfe7be6b743f3f,8.143975
920523a6f06947927c3d1b9c2c902fae6eb740a1,7.023474
921b990c548efb5620585b0fe3049ed43dfda903,5.929145
92213400df98f5441533511526206328cdde4159,4.8136697
927008a1eb1983b52fe269b504f398ca185603c3,6.026803
9272bf390ef4a8e31a5285c14ec721495414c53a,4.42107
92828f67b16f5e96ddb0d436aaa6f1193104c037,6.030585
92a1cd997867a6115b3d079903e63aba8dd214cf,6.8244224
92cea32d04d98c66af1c1366fe9811047a9b1cea,8.117086
92de4c1319bb3b07781b63801e4599302764dc5f,6.148067
92e2b243f8ca7bf1ce773bedf8205980f034ff05,5.7735868
92f51b59f25a16e76b18441fbe797a2fa2a5d3b5,6.0506377
934776ec5bd2147907362602555bd692fc56aab9,6.244886
93635a4013ec683f217cad90ca4e41aa557c3922,6.2658052
93bda77bd8d32e4fa1a0549b76f807fbc22f1f7f,6.3356285
943f8910b7d79d76726a7c50a996a39a00fb033b,4.4005313
945546f9d4db4b9599e57ffd4271193406f0d96b,3.9609067
947a2e7cf57ae1a546f98831d861cd87c4fd5ff5,5.5683126
948fbf59cd52083820e8e1682a5bc2a34793997a,9.021528
94ec21d59f07c2091e0359a0085fa6c569ed30c4,6.617042
950671c7855e25bf4a8330768cabc430bee030c9,5.1823735
951b5bb9ecd6593cecd2bd72fdf62a0785bd3b3b,7.7942657
952c0daa0b72620df1288d516f0a2abeb5b3986d,3.414298
952e48fc51ee7afbd972a8305c2f22a80ce9ce92,7.062217
95c2c72faa0bcedf9452be96511b7ab488754e77,5.5925803
96013c7ce1186c9a18f5127959bb867243b1b9f2,6.089231
962de82430c78164a7c1cceffdfe31dd0f3c3cd3,6.8054905
96d8f7656a57c4a757129d95863a463358a0c3ca,4.8729134
96ded661b95e3d4d3cf1c8d45aeae3b335224583,6.60942
970dc7689a54be2108e10cf65af78d85288b64e9,6.162892
97469bc8eac2e4fd57266fa9821a50561a4d8473,8.388905
97983f3249349cfcb409b75d5f53e5cbab2bfa5a,5.896288
979ddec134899a31461a05d820b9d6cad713715b,3.5086179
980a5ef7011a98b8fa55e5ac3d7ebce6f7784286,6.474421
980f92c1ca3d1d662e790e884a1bafb6785dfe45,4.041424
9843de5b71377fd3392db81e3178e11bbe90d95c,3.2969968
9871e11a3a4574e6b565733fe3e565f13d670744,5.4891515
987888aba1d68d84a51fcfef4131d649024e0aec,7.2520432
98903e3bc03971360097ad809526370f701ef5f7,3.884053
98cafa82b3e7f1a3a179c62509778cf9290ca87c,4.890257
9906fd2917a481b373848f6d084228f34ace63a4,7.0418105
99103791231143dd15aa77f2aeb87b2cd4a1c22e,4.9499664
9938999e257ea21c657f6c63ff386937544987aa,3.5007024
994f5b5cdc8a126efbb290700caf797948ac1841,4.3882847
99751d158308f801241e028eb7c6b0363fc6ec88,7.0002003
9981528e7324f2d92c27f163b5d0424a07f94b67,4.384048
99935e2b7f9f41bd823ece5418896aaf72e223fc,8.609202
999704c760821f39257d453f58ae57cdc5db7cee,6.602608
9a20834c7ddbbf82eff849ff8e4f321b856970de,6.8483853
9a31bbe1021725b074357ae4668bed6eb7e46bc1,5.7251134
9a5d7462df7a85794cd0d7d2c510ebf725d2e13d,8.562754
9a6d7a470aab3fb51ab58261637c58c239ad804f,6.7831936
9a7c94325cf12595e72895187822c354cd8ef458,7.9273295
9a8ad4a46036cc65da3ce25da0a1b9e70f979655,3.765049
9aace874af47927645c48f21ffeb82f8e15f24e1,8.7017355
9b0622ca034d946055f8590f554fde632487742f,6.0390615
9b4fd6bc9be128b294d3a8590bb6a146bc503902,4.4809103
9b536900fbffe20f4db747af055dec68b3ddb6ab,7.379985
9b6d776d82bca421eb10bc4a1f5f866af7fc2a3d,6.925513
9b788cef19b68860b4cba1f072cfc4744e6610b7,5.296727
9b9216e586500b4d619e331890d3745eea1176b0,7.0932827
9bbf52d74e4300842b27973d5e1d65a74c54c1b9,3.1728141
9bc8e6286b7a331de79c4c4e868b806c0b3bb12a,6.8247466
9c03af1da21c500de8e0a1be24e3c22d341961ca,6.3227725
9c4e901d499220d23e819ffe0156ef62c7bcfdbc,5.684184
9c59b505cc82ae66d54df9629666137c9527e56d,5.8097525
9c8c8ca8e36d83954ecf380f84b01759c8363df6,5.817756
9cb2a2853cd6c58a9b7d07a87ef3138c3cf723b8,5.4618697
9cf17df2214b19cf4cd63df22b802afde8cb98eb,6.230854
9cf5d1c0d7ddfd6b78c222e83894ca3a75ee47f2,6.1255455
9d053bdf589efd451ff25e1977e438b11122e0fa,6.3126163
9d12b920015fc145b62c73ca689e71a362e33b35,4.4338417
9d46769291771df99e8061cc9c5d79aacb087210,4.7607174
9d549d02a71100ae95cf02deb371138097549edc,4.3190207
9d69c1d50467997289ee1396002cd197883a2b74,2.041351
9d789185f1d5fb7bd42acd9d6dc1f5380fef1c4c,6.023413
9d91374d67624389dacb4b429b8fa8c18442b29c,5.0495358
9db80a153d642e12571588fd68473c6e307195df,5.6570883
9de51c3306c206bfeaf41f4aafc8526300a9f103,8.171325
9deeecfc873e74ca5ef8b27fb6b22bf7a536ab86,4.426724
9e0457ac0f2824c5e725d83bdeee91ed078343b4,7.3040023
9e1f7de0fe95b78cc2236adb52b0420b382b40c3,4.3014574
9e4c480f54169dd91629ec30917139f2b16bf6b3,4.435213
9ec1ac8c3d812703485bee8d58b2a81f4edc8754,6.897225
9ec591a707f8d7eaaa8b43b6faa23292511ffef3,3.8846498
9eef5b76500d606c0ace08b9cd3ee9403e9e9664,8.426419
9f605b4802c811805adc38ae19035ded09a5e4b5,5.0739784
9f8f3fbc1f6d3f36859a33054203c55d028c6e65,3.823159
a05a86b21a7d5922fed8c50f36d307ed7a8cc70b,4.3554688
a05ee87ddc674ddf01518fe125eaeec0820ea53e,3.1460023
a07cb417ba30c0e4d8cc3831f093740ece8be01d,8.464106
a0ec1fa9ef85571c363b1ff524a7bccd583b0ee2,5.5959606
a10c5f4ba04fc56032719cc84184c0ad5b5f8446,4.864423
a11fcd52b2df310a3f3bf8e0561a2c587005e96d,8.030641
a130e19ad47a6849ba0261a7a81a8d9bb93f3a7a,3.887712
a18783b2a14d61192a1b97ce3daca9e67cb8cd59,5.4586344
a1b60c404f7df8f6f2695982048cac298567b821,5.9142165
a1d026f103e45011fefbfd9ddc32eedf16edd5f8,4.1287794
a211065a6e065d2421b924d4e9314f1026611aa2,7.2869997
a22a58c5be8aa2c2700619e37f2b7a6e4efa7e6b,5.9523897
a244f431e70a9d4c780ac6914b564d98c04ac7ff,5.099447
a24729ea6c4aab24a9d6dc73513113e8b8fcf35c,3.6730325
a274dc9836c18bf295e9e81afecbdd72825ea79c,4.205129
a30f91cf4dd6e15b62a675de5087a6db82d61f51,7.0268254
a3748712b8685edb49cf966b7e662e1647503013,6.3405385
a3c251eb71ac7769282f383672f19d3cf66f1b04,7.1616592
a40402ff4c87721e74766e6751bb458653b3e686,9.291626
a4a81c655f21aac65297532528cba5a28e8f5ab1,4.086874
a50e88cb6830931dd1271dfc49b3497d63bd436b,6.196218
a52c67c0bc1c6ae7da7c6e4d38cc7ac5a869ed39,6.302012
a576ed0ff4b19b2c864b2c489227a491ac670b84,5.2035093
a57d3a31b965e00aa208f4d499c0b3637f759838,6.0149536
a57e6a1dc883554789ef6049be9b51530a7aa207,4.1922126
a593667aa30cd094ca66d70dbb5ee98fc64d38f0,6.5581164
a5aef107fcfe6b7323ead96aed8ef74a69efe042,5.593803
a5b034cb2c29d312a2e5475da6174e196cfc3c1b,6.2016435
a5f22a73b7cb93619da1f3cbc56febec52b1c16e,3.8194768
a5fbdd306fbe3003283cf2cb7ae4c371c9693290,5.8884244
a60f543d315ec120d2f433cdccc19342c9c3be02,4.090966
a62742a35ef9194f7da07e547fe13f99bb6257bd,5.753601
a632e2659eb116c7514dd825ffaa8939365c71e2,5.236868
a65549b33ec5839c95aa1e9c2e50f74685ad7cc5,6.6616426
a688299300a50fed79edb502fb02fc503a564308,3.00608
a6bd1b3de6ceb8be610c33e3a0e4a89350700984,4.774645
a6f3201e19df0a0fdf0a3d878d6a8d2e50eefc70,6.422378
a727c00002127704e5ae41a4a08948dc43b4aefc,4.734238
a7442b91887824d182c90cd82955b97a1404dc21,4.377526
a74f9942a4bf89bc51a259bdd7f5427f1ccc82f8,5.404373
a75958bf7ddea02d2c0d5a300c83abfe240f3552,7.7508082
a76e1891c401fc5f73f6942768488b1487533472,5.7527575
a7e953186fda9e7bf8368e2d00a19d024f7db5c8,5.122996
a819175c8808635fda7c3854536f82d90a7b31cf,4.4062104
a832f98e370c27f9fbc8e0caec05700a96e89a4e,4.454349
a90b8415afe8507a36e7be7511fd36f1045418b7,2.9789934
a94238b07de77bffd5189487ac3d56b96db7e09a,4.007697
a9947ca4f64f3122a22c7827ae089d48db8fd76d,3.9543345
a99c3a5ba8f7e25ea61f79dd74cb89d6d8bf8a43,6.4679956
a99ed97ee0e4d81fc9a8a5a5baaba5407a897b84,7.0779977
a9ccae25b9a8738fd3ce42dfb0fc5e92ca9b8d7f,5.945001
a9da415ddd0567c5995957b2239621158a4521f1,6.1501465
aa01429991aa756b651364d54b7b28c2bfeb6c3c,4.659698
aa1696aba3e93761b292c97c68bb0e06bb2f537d,5.7513947
aa2166a08738eb1a62d78686cce70fc5572d0607,6.3836555
aa2288779d4ddfe46b3dcab170577d4f5096ab15,8.949231
aa2ad4e1f1035826e6351e1e801eb57c0b494267,4.1129203
aa8508f6aa7e91da7efc770fc0e04c471463ffeb,3.4107108
aa8e2b08e043c6d844c28cb004a224615af29e90,4.1987925
aa953585f60c1f5711c6d5159abbcaafcc89eb77,6.304933
aafa3b985fc5f4f1f6dbe50b8edc01713225dd2d,7.376238
ab2a1e43f425b67817553405c41c09a9bcb0e9c4,4.533163
ab4899d3252b533827ab7d15261b9edb38cf0a7a,5.0867233
ab4e0b5338de7292c155831c4bd68a740ae6d05f,8.030835
ab7c842d24cac25a1a3852cce506ca92cb8ed428,4.194127
aba3f0810ff4abb82c285780965735f59dffc070,7.2197003
abae080e558fbbcf25131d47ef3dbea697548f14,5.6122403
abf736b0441172883ba772951733e73d557598ab,8.242846
ac018ab3a6242492006b3ca1e0c508abd1761538,6.216762
ac164aef8492a4d178d0704b602f0522512dd913,5.448466
ac6104bfab84b79b7ff1f01c576e2b7442988f38,7.119004
ac6522ed2e2b8a808bb80970ccffcb6572183349,6.941888
ac7569c6eb788ec3ca408850d164b68f73bb148b,6.044316
accf49bc7124b7fdffea9e75a869a597c4e8adce,5.934126
ad03c4fb44da8b106e362ef8c65fe2bf34a385d1,4.732596
ad3d8c094d5606a8005bb22a4cf910e497a03224,3.5893068
ad57f4feb3cdcdfbb77d4ccd074d9ca50227661d,5.821203
ad77e6368d86e38cbf14a33770ca16b204522863,5.9627433
adc3882c435a390c34d34279b5528215928944df,6.6685967
adcfbf9c58d92335f9b971f6a9afd19d9feab214,3.949038
add17ba1901ea9804a604aeed6ebe191d784785d,3.726605
add21f371c1ade0e82ccdacf7ce016dc151a6968,5.2326813
add7a23a1b66010154da076a059216a13b90191a,7.6837745
addfbcc77f77c6c80cc3e55261cec181722e68cb,7.0070567
adf4cd4036fe7649e15bbc8379f224685017b379,4.571842
ae75c8309bea2f4a1b1624ce50d0994d5b4dc451,8.68752
ae7e6756887c7c2d0e3d26bb83045d298dcb5ddd,6.4910507
ae84ba8c1585fe80b8d2cc991a9cc4af2921a2a2,8.97682
aeae992591ef4a9423528eb6029301cbd29daff5,7.3082213
aef76b2d6bbd67cf3aac958965862b263c50d4e6,4.686394
af124b723c6d0d777c60479978e8da661b34bc2a,7.0445747
af12f06588c971f6425a28d61e4511bafff05bb7,5.6030674
af618fc07f8f8c9e1697d7e8ce5cea9dd4ddee00,7.1644554
af744dfd0234f2b89d667f962f13cff1b5d0c9e0,4.663286
af8cb88c604c245257dfd33607bcb87cd357d3c9,5.3885927
af99c21153a5cd9289febb0cc7d1f8cbee810621,3.4598243
afc376cc4bc5460a941a5d21f91d19f159cdf490,4.3082094
b002ea316ac314e47c6aceffd6583bd300962387,6.510131
b03084cbf44b7fc100db518a5ff7ef7e9924c260,3.4229102
b041f9ef5ab6da232256530cf8e22c31ac99971d,6.89115
b0718e2faa64ff947c0ba9e9516616b44c8f4a5d,4.5240173
b0f303b4bc78b12a467c465db3b050425eadbf64,4.9338374
b1179b71e93f6ccfe9702cc342e53c5c04d2cf60,4.087468
b11bdeda44addd99b9b0cdc016fcd27262b51fdb,4.984076
b11c7371190aaf26293afea3ba2146f21205f73f,3.8709667
b152244728671db447c59ab0796fac9a423e1356,5.6122236
b1e8855867b91eadecefd05a09f101799008b8c7,4.784701
b25340984452108c2928e20f412866a7dbf4646c,6.0563197
b27862a2f9590331f29ffdc8f3648dec2a7a7d30,6.913078
b2a46e3625d075ff330baf8e18019e1af424bc62,4.1862235
b2b334fbcfc12bdf6bba8dc45aa8ade3ddb746aa,5.399851
b2c520e7e4ea03898e0b8204fea068149d5535c8,6.911647
b392a38d92631885c3b63500548976ac63518da7,6.20579
b3946c98c388b721854634038fbd1820a7ff046d,4.38395
b3f68ef83acd623f98f4a03fc633905fb2a5b027,5.3729625
b459886eb6e03f683c364b338a5c2f4776391dbc,2.6470103
b45e8d507778dab56f381a681c453cbf4d3b4050,4.4269676
b4742d304d9cd4891aac3cedf5905676e9fcc9d5,5.0309863
b51687ca4edcbe2376bc3204617227bceb0a52c0,9.244379
b51b95c923fbe5e4f47342faa554cacb44477016,4.490667
b52028ddeb0e0289019154f32e763393f83a30a9,6.1880984
b56069b7f468c9cb3ff1ed8830af52d4e2fe60c0,7.219853
b6535907c852434b9243df7a0e65f04d688d049f,7.874665
b68533a39390311fdd9ca8baced33145784eb561,6.4713726
b6cb94c201726bd4e4dcadc007dba2c69933e0c1,3.6154356
b6de7562a3dfc6522d1d9f86967f5159e3f2f090,7.1197433
b6e252e4989b3b422d69eae06831ad0bfd396126,5.035031
b7047722486e995e27292b5ab1945d72ab5a3708,4.3389635
b722e6209f2858faf0bf80947cadcbde586bb666,7.7589335
b7289b3b24fd67017ed82f62a889b4c9a0fb5ba4,5.8329234
b7297bd49e99532695b6290f29fac82928f9e03d,6.349474
b7298b0fe50443a623af9b56792b330c2d052845,4.6867657
b729f209cdcbb802e5f6f16fd902793131660968,6.2255707
b72f0fecebc0120609eb4643631055b2e7a31fd7,4.83935
b75c5320a2ce606e7c46d1f82723e1e461f37a68,5.4114766
b7931b60e23916058a5767895b9214dac7a6515e,7.5234537
b7ea6b3de19afe8e98d52228dfcc3f3027f18891,7.20506
b80a4c674f6640d304722f4a92eb9b47345f1258,7.009689
b8b78832d415b2137aaa400ec638ca3828510a71,4.2707434
b8e898c506ad360ead5d4fafe6651fadfed6645a,6.0071497
b9cfcb9ade5f88679b72a7977c50eaca7170206b,4.9305487
b9db6bc5ded963759b9a1db58adbaad3314169d6,3.8221986
ba0b274a12a5891f98da7f012d4c757aeb822917,5.3878517
ba12c0a2cb367af0467e479c03507c71a805d291,4.581212
ba37558e4c84bdb5486d1b3622b0ac7ed3d5222d,5.7812037
baa9b5294556d31b066df7e0dd8b1b0b1a8bb9f2,5.620772
baae1f7bd8567b6f9e220cc863c92124fa71e1fe,7.4256997
baccf806cbacabe5f3a91ecd093cf36b4db436a6,4.476436
badea8134ecf83e912ac6628ec12465e227c1e6a,2.969656
badf8b0a0c342afb7e1eecc4fb19feb7ed28e180,3.6902468
baf05c058d7a427783ab9bde33f38d55ae8ac0cb,4.408067
bb603e54f5809d802fec4c70df7b2c29a5125a89,5.48347
bb6bcc05d3ef04c14c73ce93dad8c9ea60f5297b,5.912054
bb81a7f88631b987cd15c8d539e806ad17a5b664,6.033781
bba75421c48ff666a96646bd283072492fc712ea,5.1664433
bbaeaab91cec9991b4747c8ca3fba0981bf68ad5,3.262346
bbb7c8095658b847103c47aa2a4b55440b0e9ffe,6.9388194
bbf7f2c725fe4c3e0eb56d29707437d1603b1c56,6.3480635
bc1f0dc5b937d54fa64e44c1e4e0de0e5a4724c1,4.6038585
bc54069a859b02cf1b00e7ab77d68132f9021c8e,6.2140055
bc8caaa2729aa0c9179e8d66388586a4a8586f20,7.464454
bca16481f37f3534abb04344ef1855b0e56140e3,6.515425
bd18fefd95851483c8aab15987fec421f92523fb,5.59309
bd53f29596985f567c39329a8f8da5100810f0fd,2.663959
bd81b591d06c4a726078a831c11516d6ee27541d,5.260367
bd9bd34617afb5bf1f3ff27e575c4df427ac32dc,5.6986375
bda97a680a69285ab84aefb75abb53676e7f6b55,4.3018994
bdc3fba009b4d570355de5bfedfb6766746789ce,6.1793137
bdcfd5ee015db872058dc442ab9d3c72518366ff,3.5407462
bdefe60060197430834e27ee0ecc1d775f5e2b89,6.231171
be40efffa2a2ea77d3d2fb0cf1f8dd6a8da2b287,4.0574913
be6f4f4f657c80883591c6749a7951f9c992e4b9,7.2757306
be7b5a55c3a0343bda6a2a6ad09c5cfe8714b27f,5.1924634
bec0491f541a76e4fa31e17842bc573c812cb528,5.10977
bf22fb15bf51bc4bcf3d50f7494caad62a596d0e,7.0158696
bf9e4a55173e6e65b88bbf4f18744ea043b07ed6,9.085913
bfb055d2c2ba396d5e6bd6022719b3ade1cd1407,4.488871
bfe7f84ef78bc0134134fcb799465996fa84e4b0,7.3556414
c001ef5d0a98bae288e504e13db2f1d4533021f5,7.2039146
c047e3345530b4b4634715536ac54cec9c756b66,8.529614
c072621681c71501470509aeb1c51e3f9f98df5e,7.4873705
c084f1399d2813131b70acb3920068a454cea6d5,3.3599803
c096fc1d9c0ad8efae9cfd509f75522c50603692,6.569046
c0986547994c0c40ee739f045a02e1ce427ec132,5.21856
c0b8f55536e05f6da91c3b65ddfb69dc8daa12e9,5.869586
c0c13857d74703fa66da743d1d670bc2b9957f7b,6.3536806
c0d3079f5b83f8962c439707b96c7ee43be2ca18,2.4902675
c1287b2f156f6963bdda82942a95288967e9422b,2.3180203
c13d9b5245d8fc600da9390192908048857599ea,5.722555
c15e04639eb35379bc74fd289f38b1c9d21e2278,2.9694827
c162ce77f4002856b569f63b1e2b58ccd6d961e2,6.24708
c195c2ea359350b81a96211ccb40d03fb0501e7d,3.0166771
c20545cf079fcd100052faf6db21ee865023525f,4.4239163
c21b13edbab3d247c8816a374ebb57ef71700952,5.807127
c2660985c0dbf52fe68f7d3620fffa6ff8f2794f,5.519513
c28a837bbc21a0b6ea686c34b12a7e6badbc9140,4.9736123
c2ac862e74879f4b60191f0bb1397eff1e157c8b,5.3693576
c2ca84eba451533cc357b9c82cdc4c59227ee38d,8.853283
c2da78b847fbfac6920b3c5a2086c79b3a2db8f7,7.303701
c2dc9b42636e453c1ad8e7a5e490654d39dc303b,4.3020782
c308727c618e21c478dba676bcea9d040d179f99,5.32122
c3127c3c92a3d510a78a5248b4e7fac50ab81e0b,6.954056
c32840e4bedac9715b49ce3f04b3dedb98007cfe,2.4931033
c352dbabae85680f4ce4ebf67886666ce47edade,4.4743733
c3635fc4a7b4545fc6df8dcad81f86d1e08c66cc,5.9907613
c399382ea2553528d9b44a9aa6492cee7cf0b5c0,5.1224637
c3bf932c28538beb5024e80bd06e09c44661c8f7,4.219934
c3e73d0362e2b21fae6edfcf518063e8a28b7b63,7.345022
c3fdd44aeb469416e4895afe4040e54eebc23db5,4.3332114
c41c79391cd0c8816cebc9a0b4ef1fcc5c2e4018,4.4992676
c4504ac02ad7e7e0c9ea3a1d78601374e483fc30,4.433085
c45bf22121eaa2f37dfec2f58729d22394ea220a,5.1698117
c484db51bb8e5e6218578a71ca541b135c2aa1ff,5.438283
c4dc23da121e0654017198804449e35b2e9c2027,1.1523422
c4f595ca17b4c13287b0beec0dbd45d0e356055b,4.197591
c52befc118a44669cbf7912b419dfc433c1c0eee,6.0207553
c52fc84d8cd2335788c472ff6fa6b3aaaa8f2252,6.138222
c5b963fdd21435b56c4cf55f49d652d92fc83093,6.0492744
c5d903eea354607809419b5e23c869ea16626a59,3.816264
c60be70309789b39355dc612f36e37090ccad5dc,5.197832
c667e08eaa5cf47dba38ac81da9c185659db42c2,6.379846
c670d2529bab25c82fc7c3757cb11e7f2e404de8,8.055048
c67df30ae6cf151f19df3e36d15f0361619ed47a,3.5220187
c69dcaf9e10f52b187b13e678f9fe65505167720,5.5037947
c6b1b85455fc8ae7de258ff95875644d77f55254,8.109205
c6e9fd605b75a5090b1879635a6db8da08b8a600,5.348429
c746678029d2139e7658a0f94e98bbf09f258673,3.4768426
c757c72ff79910b22c548daf9067d6a682bdbb4b,7.1760254
c787e77b224890e7fdcc8e2ca0c0577657d98581,4.3832765
c8332f72a4f6049ef2f28e4a0fcbde9d142c8591,4.753352
c846650d2b1b4a07f67e13c5aa56c15185f81f15,6.7159405
c87d4a1dca2349d1fbdff1c6d6a57708c1df793e,8.815318
c8944ded19113906cf130904726028c5c1a11138,6.187261
c8a8565f00553a00a5d510958dc8c40a4a477783,8.031209
c8bd30152ccbeebb18f9b1fedac0869f845980df,9.135268
c8d7193cba58a3bf26ba18f4ba5728c56ddcd4a3,5.6411877
c8ea10d959a7c782b45e6e83040472d432fa448f,4.9120297
c9c6d1fdb1bc64d7137f0fb7050e334cbb7c0f6e,9.753514
c9c9df2ea1ddcc10cc57d4e1d92b2f8b33d94538,6.736123
c9d7b86399869ced995a6e467a257c3915339562,2.7935405
ca01f93cb3384006f7af5de96bc25f924ad8bd14,5.504894
ca3bb5c80bd96ba545e0a42232c6fcdb55f7106a,3.6729124
ca6829e71c271976a4eeae12cbba5e49f232da3e,7.4676776
ca84b66fa8d2c26e91bcd21dea081bb062e51711,6.7780313
cac291a9658d7ef15e1ef0c71b188d96eec19ad0,6.7441497
cb0f9c7be617b2bd18ae83ee9e85b621cabda67c,4.5180807
cb16d181d96fc8c94f8416437c059b5f0aabded1,4.616431
cb713a14e9dcf23999265a8826e204beb646626b,2.695679
cb72cf616f3cafed458ef94be529c172bbcc5277,4.877977
cb7cbbf59876001661704aca5fa8d70467f514a6,7.758806
cbb7db3eb5270179fe8ebb9e73dde2c894c9a971,6.354568
cc1f8f78f5ef5237c717194b38699b168c265513,6.001356
cc431fffd568a0d46d302233b4d71bd216fa94f3,5.3548403
cc818564efabc759f8cfd2e978029ff6125406cf,5.3021502
cc8edf9c827fef5ead4c85eabf96ca7033ddf165,5.69505
ccc7600e812ec5b6e75a9b4e2b04f00a48d1a9dd,8.614585
cd1c8085cc77aaebd3c527b4ecae7e9150ce0d77,4.9230156
cd2b912e4a3d661cd4f500287d3bf1b4f444b7bd,5.5089355
cd2cc30c2a3c6b967fc897beaeae9d3482163a21,8.928802
cd32daa7c1ff3ed117a127c9c185c1b53a396138,5.2089705
cd6862158d54e5c270e8d4bed99f73f32a721e14,3.392369
cdea6ad7a63edbcba925717a8c64328c255a0450,6.2745843
cdfb7ea46096b2a49dd710ef5dfe7bb354cda15a,5.2296877
ce201bf315598feafcad345a663284bc266862c0,5.2363605
ce2f2072bf32af4582a24726936af34f88225213,6.7419367
ce3ad9b28ad26a494e6a196c110ca405402f3e9b,3.7532625
ce56b4a23981e6c9f70e87f087bc1be07fdf25cd,8.404821
ce5a9a38579b80879f4de53eaab2d0083b685d62,6.8598933
ce892387ba13c6b526d18de003b62c1bfe4c125f,8.719153
cee203ff00aaca3eaaef780ea6c4a68a3f8fd2fa,6.8224072
cee41e969faac5fdd054a726b10fb09228eb7061,6.2435584
cf4bc843e5bd6ba302b1289af66f383b0329d6bf,4.1026225
cf5422ab2f6793f4d5930d2901e652ed7dadac9d,5.1080422
cf6788dceae33f7826997b7fa99b5189cff1aa4d,5.4940343
cf84076c807f395016eaee41297162276781b963,8.367765
cf8a26a2ce3ac2cfd81a1050e73bdc7a4cd225e0,1.1999938
cfe62afe7795494a49cfaa46bdf17c38a3c0d284,6.4624205
cfe97f961ec4d2fc578ef0aaf87f52c54a9aa181,4.6907635
cff1765d7a97d3f012a354586ccfd49fdaf6aa44,4.5644984
d023d3790457d12ac59581326aff1a396b206d09,6.129417
d0561a58b05777ad43db1e0627d8770d37c48d5e,6.305497
d06025e3b7e91bb8718335f7328466206060faee,4.3950267
d08b1608a634fda68fd097f278ce9fd4ac24046a,5.196428
d0d3472fa981f90d8e6d036dea4bb627c73b6592,6.6710467
d0f28e44db91cce7caff1db428643300dfb3392f,6.0625286
d11774bd10cd517b1cde216ca391e76efaf59b44,8.515778
d11e42daac68288eea95d8923771a326e667b520,5.3216467
d13ea487552242f9c688d613dab06ea5b8a867a1,6.03178
d1e238d8cc58ceae3359c94b2a4a976a975fc9ac,5.387345
d20b8e96e5c520827768fe614961d0534c6f2680,5.2963405
d2491eb9351f861cdcd439fd5d73883a6d681d6a,6.6606665
d28c344507f89c41df926794e0d5a96d10349014,8.2761545
d2a2d2ee79d993c9821f176d9a248223ee59b3c7,6.8448496
d2ef78c03149ddfd267005d0dcd248adcc227e02,4.4288645
d37f552ad5c3e1e1c3fc9aebbea6cf50e1b9f334,6.763445
d3de05492e2353a5f3a80b5ea37a6de4651923fe,7.4179864
d4707fc4aa22e29062e02639a1b8c9f7ba3e6b65,5.239503
d4a08e7df54afbd81401faf2e0349e88ed7fc2d9,5.1698875
d4a5c57c98a9d8e16b1dd93042d22cc422772b0d,3.210095
d4ca57e34b4e28a3a0c73339e0c72db036894d3a,6.349714
d5155526fe2b5c2b956687b34d478647ef6bd092,7.37685
d5179819718a325ee33fa2096f37995ea6cfea8c,6.1303816
d525d6edf4b0c6362ddaa4814c3930a6a62bdc99,4.9270062
d57eca033aa6388430166086ed3d0390ffefa85d,5.6603813
d5841f944022e9ef49bf6ac9b5546dd82ab2784f,7.5014954
d5cc23d9ca216f0f8c6e5ada7c4e3284a3920958,2.548484
d5e3e0d1ec5eae8e2fc08b9c3607cc766be6dffe,7.193983
d615e34b407b1816d1ae062d56a466c1d17b68ae,5.8454137
d6515d627895751c832a3075053719da2f5e6cef,3.119085
d66918b05a4d978f6aa15979c85902d09babc898,5.763272
d66c55f4502b462e88d4529dd6b4d167fd42d165,6.195572
d68718e7e9140ca136bf5e39efd7c122632ebba2,5.017578
d69d2c6bc916b8d054bd50f4270a1c6d8cca1426,6.8104606
d6f54f87ad964bd1cea20ffceea962f8b6236da3,6.1134415
d73a15bdcce722312152f547cec67e8dd584a6a8,7.1139793
d7a319cabc8e30b748e2beca44fc575fc83197d3,3.4056575
d7af1840c8914a381ffae4617c33ab76833d9513,4.196429
d84468682013517fdcb3506ee81783dcbdf3bad4,6.3487453
d8550edf3efaf335a9648aec7584ab6acb55cf30,7.6701126
d8ad4586476ab6240c0ec83f3c12cd4cc7a8f622,6.1855125
d8cb6954aff8cc17b05a205c949f36b46493eb8b,2.580914
d8cc02c7b6d2478b9f6d47664272c43801d6d9a9,7.7004743
d92840812393583b0f053de80ecee59f5b19bc03,6.5778637
d94808bbe3e5b3ffc39c8d68e0eed70929c70762,6.678066
d982afe8253215b9a75464a85bb061d5d5f7975a,3.6907566
da37e77368c2bd5a7a9792749fd6ed83e05e2515,4.6647296
da7fa747f59ca321b48b414b2f884d027bc961f8,4.362714
dace1e5b88ac51d7bd53523ad70f8d5d188b9368,3.987754
dade8cdd2806e1efa138e68d984abd0ab1c87ced,6.4488993
dafd07b7aab7dad9894cee44cad55efc89255614,4.1254077
db4c010c135d84c00fee816a085360bca2537594,6.379514
db5924e7ed00c9136308999827d50dbcecae5091,4.132837
db7c4fbff4eaf7b21678b8b053a0c3dcd74dd2b1,5.1535826
dbb0e3f3c32292438fbd39684d9f1ad153bba64a,6.2024493
dbc27d6c8a04413d73a885a7b2c2d8db605504fe,2.7655816
dc5325f05ad384cacb2431acfa1f398913151afb,5.6336117
dc87f8c4ae8953d2d0bcaf1a08239547d77cdee8,5.443979
dcf7777f614c11ed45f8ff82f2c44d7dd15889af,3.2014482
dd98462b95687767f50edcdc4758ff5237c0bcff,5.693857
ddc549a4ced606b9181bc2e6e0bb75824fc20f70,7.583772
ddffb03cf0301334f5a2f89626640fa8812bde5c,5.210106
de163edff457321dc540b375c7b316c7f9fe73cf,5.5744166
dea33f83f3cd94f54f1063a0cd22eab07ec8d3cd,6.383939
defaf0c38d68f9958bd180e1a709f130a999b2e6,4.6699724
df15664e980175f8ee9ea6687b81c59f3139406f,6.1147237
df17da01944f34b2a6b59e8d45407c1297f9834a,5.572577
df1a661311bcb75b3b3c258c46ab75819bd6d249,8.40986
df42fc345b50f42b32dc5f9df420978b1cda663d,7.835153
df8fb59599b421d91967aa7d053fa72e91e4f6fb,7.766202
df90d9da415c30c25a16e21ca85638577961e81b,6.142553
df9e2c6cfb6035fa5b26af3b101bacf64e95e913,3.1179285
dfc34f90e58f60b101c824e10d74b8ad0c46a2cf,5.096749
dfdeea1cf0b4fb6c906a25d99aa5756efe14c996,7.234709
e036815d3a8d88224e7e8a95c64ca031dd5b205f,6.73526
e04a53abed6db648ac01e162aad84ef8b608365b,5.372939
e07c3edba3602b0d172c2db763539dfa9819027c,5.8440514
e0850b1bd8f8de58096da128ec94efbdf5f05ca8,5.5316167
e105dc9d8869af3a83704a5d048424441ce4ad01,6.4615245
e13e39c815ec66160db3c75b7331dc1a0dd1d4ce,5.7403274
e15002a49ed03188f18c7a791c458c19d1ec973a,6.121394
e1d3226bcfad8043e69d31f3d76e719c7f041d3e,5.731221
e20abeea371227f8a6318491ca3c0211afbdc1a1,3.6396124
e25991f3bf474e9b542b09aef2407a78f3ffc61d,4.644033
e2670654203c6b5aa850edf95ea9e293939963fd,5.4090977
e299749491b5a979701f0dedd4467ed53aaf7c7c,2.847162
e2d88e3ad6275b7eca2bff120e467f9158b29fc5,7.6658854
e2ed5ffddf1e60198f9f138810f84b7107ca0561,4.0157466
e3919de46ecd1f707451dad4a1ac88e5b7403f11,4.054919
e3b9460f9a4bd3f4a5243f388246084f41e0dab2,6.681004
e3c9abe5680cb3851ac38d00a01c46f58b6aaaeb,3.9059255
e40337a34c269120bffcc76e69700d06f6d716ce,7.00976
e45204eccdaf94faa580c54b1fe1289c97b1f56c,5.8759017
e460fd665c3f541f48ac4503abf2e90b9bbb3b94,6.7300906
e4935a868e50ec1951f892af50e2f5886c935919,1.5968065
e58eaf39ea458008043bd1472f267706524f1fc2,5.90403
e594aa5283c8b2076ece870504b4b6b2e9c29ca9,5.523146
e621f4d6991a537e4508648aa4c3fc278091ec1d,6.6931257
e63a9cdc387a31ea563ecc24b20eb824a8c54ebb,5.898349
e659bb37740950badc7fac606f227ba5f74fa866,5.6165633
e65a627881df5d3e0bfad77c56221d858da5ead0,6.168189
e67fff49031a4f2699f10d6a2dd89b4cafc70323,6.414801
e6900f649459ddbd9ee38b93582378162c8d77ac,9.557475
e73e06dbdc983d0a3ccccdf754b85603dd0818e7,9.030538
e7b94e593e93b6fe31083393cff1d63ca2142b64,7.554554
e7cef9ca74dbf2dc906e3216004a1b5e6a96e241,5.302588
e7d0678e66dad824da63837b53bb0bb38a571f42,5.3703365
e816ed48800359bfd078c1444a40e00be6fbb5bf,4.3105836
e8335df6f0ac481c6ac16096889c51cb95ab2f6c,8.501635
e85a79ca1bb1f59951efb5c25e40e0ee73985cdb,4.6257615
e85a95e2eddbdafe7db54351ce3680933e09d0a3,4.4926863
e873b044ecba72370076d7fe198eeaad94bef3a1,2.5336282
e89a4f1825ece62064e95e63475769011258af36,7.3775826
e90cd427d5e229999107e56e3f06953f3108635a,5.8383803
e92f3d3e5a00b7767c239cac14b6d9fe92d5ef9b,5.907743
e95d7442ab6fb642a8c3529ef2fc8aa25a774e13,6.2937346
e99d4fb3ef87d5e201da3b08841541fd953af089,5.4848924
e9a8e1a87eb55c0dc1787fcaed22be98d9cc1ed0,7.514072
ea0a8f0b0b712337c3740e6ad5293f3dc47db568,4.854387
ea2f8736bbf1d859fb5b46f848db37f421181bd4,4.1546483
ea385e57f5d3d6841a6997dd7af680e135928bca,2.9310114
ea55b410ce0e38664c6597e4bfa09fce84399461,5.525981
ea7332c6a62cada8a8e85200ddb71fed941ce876,5.209089
ea79d40b446a3660b4d0b01e53fc4a14bc18f60e,7.6408963
ea8f19a7914d05412dc4159108d93d42a675e2e8,9.161022
eaad1484ffa24b01432fa3564a8635bda0b4c34c,8.476436
eadbb37222d32232022838b7765dea96bf38e0f6,5.3801017
eaf60b6a377c720fa7a13f97831f38531047a217,7.375219
eaffaa19471bbf9bba8fa5808dd0904474089ae7,5.8310776
eb001120a0f842e5bbfd786652695628bd65090c,8.676056
eb2a090421ba380ba6c0a8119510e031bc4e55ea,6.0162106
eb451c65ea210bed6af798282c2c6205c79f71fd,7.110991
eb46bad8df84ccc42fb7bc9cc3a218247777367e,4.9260273
eb7470e41cb0d50314e9755be518f55b093a4975,4.7084737
eb83b2280e41f55da33ed81e62d7b8ebba9a93f8,4.254381
eb870373b64f0be961f503936f7a725fca60fb32,5.2734904
ebdfeac0c48444c5f4fd377145b2d97e12c78cac,5.1121273
ebe0702c8a0d906044fbc61cf18d3f8dc9aacef9,7.1400356
ec62a3c21a4a116991338ac88863dff35157a1a7,3.285635
ec7d2ce8cce8253208e8d0ae74991b46ce2eadf0,4.8651733
ecd66b9bbdcc6ae1eb9a6b765868cba3601730b6,5.4376397
ece9b75bda9d53b5a67f7bb53b5635a3df017020,3.0574112
ed3e0c98995edeee0b0a55fe15929a82097e93fe,6.33047
ed6c052a16794cf2376b1497c505b438e9af69b6,7.8816533
ed8ffb58d172827f17d1abead83d9b8c44b554df,2.341877
ed9eaeb6a707f50154024b24d7efcb874a9795dd,4.6575646
eda32ee9ebe79ae7f85927db19cadc6199752dfd,5.246853
edc5737211dd036ad81985e117aea3ab9cbc030a,5.5906076
edc641c842df448a70ce315e00b6dd4461a260a9,5.852036
edcb11b4746d7b8056929a37a11e81b0fe3202c9,5.19689
edd78ffaa7bc16d94ee6908b98b3d9863f492c89,4.6110945
ededd47b1e0c18d4af4ad2b0cc21eebcb7c6e6b9,5.394724
ee30201b0b1261fcb6cf010787990ec87343d300,6.6436577
eee2c3c453eb64f9c327f09e83be35ef36528101,3.767549
ef02ce9a2a904477907fe9135cdcbf1652180d31,5.1298933
ef070fa973803bec505aeb6230acdd7a917e2a59,6.0973396
ef5d4cc5cd7a9d46f3e31572d97bd52423bae4e0,3.513026
efcf2fbf26e74d0af378d96a168c8cdc05c42a84,4.7584815
f01795183fd859bc35b074c06fd58b5e6623fb03,2.488623
f01bb96987327c1dfec6ddbc980cfd85650f20d6,6.6001053
f037357014544261767c6ab5b172b246b09d3ddb,3.8721063
f05838da14ca1dad97a5cc0c58323c6df9153257,7.208864
f0be3049c99eb84be5aae5352c2f0ccf661e1f43,4.9478135
f0cbea39c26f2cf588e04885ddc1a439564bd782,4.158615
f0d74f349e6479eaecf425634f8b0dd51e60d60c,6.330747
f126cb73dbad037e40b322f82b6f40e92a15a595,3.6025643
f1299639d65fd743440958354f22154e171500d0,8.715547
f1302a0b13ef669e0d797c1d4106355cc43f7144,6.03831
f156718d3970030deec27298f56fc78a00c00f5a,5.462157
f18c98fe93f825e2c01296bad47dc072ff70eef1,6.044071
f1fb0a22c3c46fe87eaf8bdd97d80ed51436f782,3.4812555
f2418c1ba0f63cb975e6d8c26ce4a145b11ad924,4.2058325
f2c6f4d1250f2570b4dc5edfa7d0952ec4b7194f,7.1804123
f2d54f193cc71d429fd5803b2e4721d012afe568,4.6820116
f2efe01b5b7d2613529468857009a02a3cc820b6,5.0873165
f35248e9e95942a05313dda4f3a677705d8c651b,3.1251187
f38238ea1bfa182b81a7d73d563b61dbf2825754,5.7453218
f382c8f54d9fc494b6d8cc0751f694f0acbddca2,7.9217243
f3a603f5ad05ee8b8374af6523467f1ee058959e,6.598543
f3a7769633f8060ffee4a0295c55ec9be084e3c0,5.492801
f3d6d22e76fc586bffc4f5ac1d73f096f03efa0f,4.6181693
f408354e704d901dac2f283fc8242d2787ee4813,6.027035
f42621bb38f167d2de3d662cbe897f5fd1234aa3,5.1229324
f4367a0ab2083a66a5fa812df89e590d3fd3b5a8,4.260036
f440f5463ae218aef17a60e9f2ffc7dbbc45dc54,5.826243
f459440c7a99294ca9763f332cd9aa09b0c280d6,5.3443027
f492b1eb37bae60ab4597c161e7b67d9cc9e4dc6,5.2747846
f4984561cc406867aa796356b6bf10a2091e67fe,8.07551
f4a045088bd0003226023c10214248049d9da90f,2.4156277
f4c3f24024c2e96ed13a845b5ad7213143844d9f,8.954672
f4d9301713b16c13c174f19e18d0200175494a79,6.322146
f5674c61e82766371ddd913c99e6b70414f4dd55,6.2897477
f59fe9b15a7762aa5ffb0653396da3f4f2536553,5.9823833
f5a2b63a98287f49a07f6101717dd4c1048b9903,4.0298724
f5ede5df58c2ea59be6b8c8097659bb8c2e9d0e9,6.048445
f639cf4aa4008b2bf51b274cc01dede03666150e,7.660742
f679eb92d1581b842e213a6d2a8a74a0b9ede984,3.108948
f6c974c003c063735fb1afcba0aec50acdb89861,4.658211
f6f5b15522aa9457158ec6d7a16caaacd6cbee42,3.2171016
f77371745c51f549f9a641110e52f255aaed0f10,8.274974
f78599d53dcb621a631b8dbc0feb5dd63e2aedd3,5.5576444
f7875ec1207504a229cd9b5ca132437c6bdd6a4d,5.0939837
f7b65fa8dfbc07f71d9e206d1e1fd35b986cab65,5.4366455
f7ce1b89f61b8a40a961d7fee02ea31d4b27583a,4.740697
f7d331120e9b3a15cf4a0028849bf050846d5d6a,6.794381
f7e7c21b753521a3f4eb226d9c69d71214e183bd,5.3393145
f8526194e3d9450a847706ea1c474c9e1a65a3a4,4.026754
f861873a2af44519d0c30b7b390257e28084c360,6.9241333
f86b9fba1d59be7c864d4f23d0c7674113a27cab,5.4220037
f8da0aad0792d4f2d30881abdbfd4029dc264842,4.5644517
f90fb4df43d85aad3ae9602aea19fdb4f47de984,6.4106135
f91758fe4f441cd4b7b053a03252b4c50f3d4737,6.2752385
f91b376092344f19705df8873d25aa4a34bafce6,4.244063
f92e3ec921384713419dca56d1fe2be1d51f1b54,6.429849
f944b947ec651ccf64807b644af38c6f04229bb7,6.6859565
f947938c0e7c1345a488d9f17a74331ca6f478dc,5.7506247
f9491b0ab4aee90c428545e0e315a3af1f827595,6.5832434
f97b1dbd007f20fea2e262e62433e01ae91da602,4.587528
f9e06c04dc036b01f65e7f71a9201922f201dade,7.1338453
f9f4d4ef2a3de006bd037db9eb160ab8e51c79f2,8.515605
faab34a8374299678ccf4eaa3628cdba3b65bfa6,3.6921802
fab22b3c9fd685c26953a5ffe073c4aa2a788c7a,5.6340456
fb0a2834f5f131005e12dc1962056623ee6a7188,5.7886395
fbf5d7997f35a05b4f296b7b70b08866c13db856,5.3247914
fc4d0cb084cf3b98bbe820a9fc36fd437940969e,7.842247
fc83d8b4ec86934a2daa128311afedeb0ca5fd50,5.379966
fcd6e54df612c033e7a465155046b5223ca4eee3,4.5096693
fcdf51cf37b314ebc57038046b859b3172117f4f,6.0715885
fd29d68d81bf469540c56ab7074ad748cd72203c,3.3845172
fe31861a03511f91760de27adfb8803e8ad321b8,2.9364898
fe4316169ee8c83567ebc52bc629912ff65f14b6,6.542493
fe516d090eef192c93197ed87878da0e23908140,7.9840684
fe659e147194c97b69278c8effb4041297398009,3.7310646
feb8a2859a011c59efd22ed419cb69288fe03627,6.472619
fef4a3263ed9a8ab14d457694bb8fd86ccd98312,7.1365056
ff12d6e2ab80696ed8e22fbe5497e96c68d29076,6.62182
ff3fa2ec64294f37ae968159f810ebeda7966c51,5.182265
ffe872165621d735a48bb5db0c71dd5195cba359,5.408859
